caseid,skin_discrim,africanam10_1,white10_1,hispanic10_1,asianam10_1,nativeam10_1,other10_1,other10_open,birthyr,gender,race,race_other,educ,marstat,speakspanish,employ,employ_t,faminc,faminc2,state,votereg,pid3,pid7,ideo5,newsint,pew_bornagain,pew_churatd,religpew
1,5,0,10,0,0,0,0, ,1960,1,1,__NA__,5,1,4,1,__NA__,4,99,6,1,1,1,6,1,2,6,9
2,5,0,10,0,0,0,0, ,1957,2,1,__NA__,6,3,4,1,__NA__,8,99,13,2,3,4,2,3,2,4,2
3,2,0,10,0,0,0,0, ,1963,1,1,__NA__,5,5,4,4,__NA__,1,99,24,1,2,6,4,1,2,6,1
4,5,0,10,0,0,0,0, ,1980,1,1,__NA__,5,1,4,1,__NA__,12,99,35,1,1,1,2,1,2,6,9
5,5,0,0,0,0,0,10,I don't fucking care,1974,1,1,__NA__,2,1,4,1,__NA__,10,99,27,1,4,5,4,1,2,2,3
6,4,0,5,0,0,0,5,German,1958,1,1,__NA__,6,1,4,1,__NA__,7,99,18,1,3,4,4,1,2,2,1
7,5,0,7,0,0,3,0, ,1978,1,1,__NA__,3,5,4,6,__NA__,97,99,23,1,1,1,1,1,2,2,1
8,4,0,10,0,0,0,0, ,1951,1,1,__NA__,2,1,4,1,__NA__,10,99,53,1,2,7,5,1,2,6,1
9,5,0,7,0,0,3,0, ,1973,1,1,__NA__,4,1,4,1,__NA__,8,99,18,1,3,4,4,1,1,2,1
10,4,2,2,2,2,2,0, ,1936,1,1,__NA__,6,1,4,5,__NA__,10,99,12,1,1,1,2,1,1,1,1
11,5,0,10,0,0,0,0, ,1978,1,1,__NA__,6,1,4,1,__NA__,11,99,51,1,2,6,4,1,2,4,2
12,5,0,10,0,0,0,0, ,1943,2,1,__NA__,2,1,4,5,__NA__,5,99,36,1,3,5,4,1,1,2,1
13,4,2,2,2,1,3,0, ,1936,1,1,__NA__,2,1,4,5,__NA__,5,99,55,1,1,3,3,1,2,4,2
14,5,3,2,1,1,3,0, ,1938,2,1,__NA__,2,1,4,5,__NA__,6,99,21,1,2,7,5,1,1,1,1
15,4,0,10,0,0,0,0, ,1956,2,1,__NA__,3,5,4,1,__NA__,8,99,6,1,2,7,4,1,2,4,2
16,4,0,7,3,0,0,0, ,1984,1,6,__NA__,2,5,4,1,__NA__,97,99,8,3,3,5,3,2,1,4,11
17,3,0,10,0,0,0,0, ,1981,1,1,__NA__,6,1,4,1,__NA__,97,99,39,1,1,1,3,3,2,6,10
18,5,0,10,0,0,0,0, ,1945,2,1,__NA__,2,1,4,5,__NA__,8,99,42,1,1,1,3,1,2,6,9
19,4,0,10,0,0,0,0, ,1961,1,1,__NA__,3,1,4,1,__NA__,11,99,6,1,3,5,5,1,2,4,2
20,5,0,10,0,0,0,0, ,1958,2,1,__NA__,6,1,4,1,__NA__,15,99,42,1,1,1,2,1,2,6,10
21,5,2,2,2,2,2,0, ,1950,2,1,__NA__,2,5,4,1,__NA__,97,99,8,1,1,2,2,1,2,5,2
22,4,0,10,0,0,0,0, ,1955,1,1,__NA__,6,1,4,1,__NA__,7,99,47,1,2,7,5,1,1,1,1
23,5,0,9,0,0,1,0, ,1954,1,1,__NA__,3,5,4,2,__NA__,97,99,48,1,3,3,1,1,2,5,11
24,5,0,10,0,0,0,0, ,1945,2,1,__NA__,3,1,4,5,__NA__,4,99,42,1,1,1,2,1,2,6,11
25,5,0,10,0,0,0,0, ,1978,1,1,__NA__,5,1,4,1,__NA__,10,99,37,1,1,1,1,1,2,2,1
26,5,0,10,0,0,0,0, ,1981,1,1,__NA__,5,1,4,1,__NA__,6,99,26,1,3,6,3,1,1,2,2
27,5,0,10,0,0,0,0, ,1949,2,1,__NA__,2,1,4,5,__NA__,97,99,32,1,2,7,4,1,2,6,11
28,5,0,9,0,0,1,0, ,1944,2,1,__NA__,3,1,4,9,__NA__,97,99,6,1,1,4,2,1,2,5,1
29,5,0,10,0,0,0,0, ,1955,2,1,__NA__,3,1,4,7,__NA__,3,99,37,1,1,1,2,2,2,6,11
30,5,0,10,0,0,0,0, ,1951,2,1,__NA__,5,1,4,5,__NA__,9,99,36,1,1,1,2,1,2,4,2
31,5,0,10,0,0,0,0, ,1994,2,1,__NA__,1,5,4,7,__NA__,1,99,40,1,2,7,5,1,2,5,1
32,5,0,8,0,0,2,0, ,1950,1,1,__NA__,6,3,4,5,__NA__,3,99,50,1,1,2,1,1,2,4,1
33,5,0,10,0,0,0,0, ,1953,1,1,__NA__,2,5,4,4,__NA__,4,99,34,2,3,5,5,3,2,6,2
34,5,0,0,0,0,0,10,American,1971,2,1,__NA__,6,3,4,1,__NA__,8,99,27,1,2,7,5,1,2,6,11
35,5,0,10,0,0,0,0, ,1967,1,1,__NA__,6,5,4,1,__NA__,97,99,6,1,1,2,3,1,2,5,1
36,5,0,10,0,0,0,0, ,1945,1,1,__NA__,6,3,4,5,__NA__,5,99,9,1,1,1,1,1,2,4,1
37,4,0,10,0,0,0,0, ,1948,2,1,__NA__,2,4,4,7,__NA__,2,99,36,1,1,1,1,1,2,6,12
38,3,0,5,0,0,0,5,Armenian,1976,1,1,__NA__,3,5,4,1,__NA__,9,99,6,2,3,4,3,2,2,6,11
39,5,-8,-8,-8,-8,-8,-8, ,1955,1,1,__NA__,4,1,4,1,__NA__,13,99,6,1,3,5,3,1,2,6,1
40,5,0,10,0,0,0,0, ,1957,2,1,__NA__,3,5,4,1,__NA__,4,99,55,1,2,5,3,2,1,1,1
41,4,0,10,0,0,0,0, ,1953,1,1,__NA__,5,1,4,2,__NA__,7,99,55,1,1,2,4,1,1,2,1
42,5,0,10,0,0,0,0, ,1973,2,1,__NA__,2,5,4,6,__NA__,4,99,42,1,1,1,1,2,2,6,11
43,4,0,10,0,0,0,0, ,1944,1,1,__NA__,2,1,4,5,__NA__,4,99,53,1,3,5,4,2,2,5,1
44,5,0,10,0,0,0,0, ,1956,1,1,__NA__,2,1,4,1,__NA__,4,99,25,1,1,1,3,1,2,2,6
45,5,0,10,0,0,0,0, ,1949,1,1,__NA__,6,1,4,1,__NA__,10,99,6,1,1,2,2,1,2,4,9
46,5,0,10,0,0,0,0, ,1962,1,1,__NA__,6,1,4,1,__NA__,16,99,34,1,3,6,3,1,2,5,5
47,5,2,2,2,2,2,0, ,1952,2,1,__NA__,2,3,4,1,__NA__,2,99,12,1,1,2,4,1,1,5,1
48,4,0,1,7,0,2,0, ,1972,1,3,__NA__,2,1,3,1,__NA__,11,99,6,1,1,2,3,1,2,5,1
49,5,0,10,0,0,0,0, ,1960,2,1,__NA__,6,1,4,2,__NA__,8,99,55,1,1,1,2,1,2,6,11
50,5,0,10,0,0,0,0, ,1978,1,1,__NA__,2,5,4,6,__NA__,97,99,25,1,3,5,5,1,2,6,1
51,4,0,10,0,0,0,0, ,1976,2,1,__NA__,5,6,4,1,__NA__,9,99,42,1,1,2,1,2,2,6,10
52,5,0,10,0,0,0,0, ,1977,1,1,__NA__,3,1,4,1,__NA__,12,99,9,1,1,1,3,1,2,6,10
53,4,0,10,0,0,0,0, ,1940,1,1,__NA__,6,1,4,5,__NA__,12,99,6,1,2,7,4,1,2,2,1
54,3,4,4,0,0,2,0, ,1983,2,6,__NA__,5,5,4,1,__NA__,8,99,34,1,1,1,1,1,1,5,1
55,4,0,10,0,0,0,0, ,1978,2,1,__NA__,2,5,4,4,__NA__,2,99,26,1,2,7,4,2,1,2,1
56,5,0,5,0,0,1,4,Portuguese/Spanish,1978,1,6,__NA__,6,5,4,1,__NA__,7,99,6,1,4,8,6,2,2,5,10
57,1,5,5,0,0,0,0, ,1974,1,1,__NA__,4,5,4,2,__NA__,97,99,17,1,4,7,5,1,2,3,2
58,5,0,10,0,0,0,0, ,1973,2,1,__NA__,3,1,4,1,__NA__,6,99,51,1,3,3,3,1,2,6,9
59,4,1,6,0,0,3,0, ,1970,1,1,__NA__,1,1,4,1,__NA__,9,99,47,1,3,4,3,2,2,6,10
60,4,0,9,0,0,1,0, ,1977,1,1,__NA__,5,5,4,4,__NA__,1,99,39,1,2,6,3,2,2,5,11
61,5,0,10,0,0,0,0, ,1962,1,1,__NA__,5,5,4,1,__NA__,5,99,51,1,2,7,5,1,2,7,2
62,5,0,10,0,0,0,0, ,1989,2,1,__NA__,5,5,4,1,__NA__,3,99,6,1,2,6,4,4,2,2,2
63,5,0,10,0,0,0,0, ,1960,2,1,__NA__,5,3,4,5,__NA__,6,99,53,1,1,4,2,1,2,6,9
64,4,0,10,0,0,0,0, ,1968,1,1,__NA__,6,5,4,1,__NA__,11,99,6,1,3,4,4,2,2,3,1
65,1,0,0,5,5,0,0, ,1969,1,6,__NA__,5,1,4,1,__NA__,11,99,48,1,1,2,1,1,2,2,1
66,5,0,6,0,0,4,0, ,1984,1,1,__NA__,3,1,4,1,__NA__,10,99,5,1,3,3,3,1,2,5,1
67,5,0,1,1,0,0,8,Jewish,1958,1,8,__NA__,6,1,4,2,__NA__,10,99,36,1,1,1,2,1,2,3,5
68,5,0,10,0,0,0,0, ,1936,1,1,__NA__,3,1,4,5,__NA__,9,99,4,1,1,1,1,1,2,6,10
69,5,0,0,0,0,0,10,American,1967,1,1,__NA__,2,1,4,1,__NA__,97,99,54,1,3,4,4,1,1,1,1
70,3,5,-8,-8,-8,-8,-8,-8, ,1974,1,1,__NA__,3,5,4,2,__NA__,97,99,36,1,4,4,4,1,2,6
71,4,0,10,0,0,0,0, ,1964,2,1,__NA__,4,1,4,4,__NA__,6,99,36,1,3,4,4,2,2,2,2
72,5,0,10,0,0,0,0, ,1959,1,1,__NA__,5,6,4,1,__NA__,11,99,47,1,3,3,1,1,2,5,10
73,4,0,10,0,0,0,0, ,1956,1,1,__NA__,5,1,4,1,__NA__,9,99,54,1,1,1,1,1,2,6,11
74,4,0,10,0,0,0,0, ,1942,1,1,__NA__,2,1,4,5,__NA__,4,99,19,1,3,5,3,1,2,5,1
75,5,0,10,0,0,0,0, ,1938,2,1,__NA__,2,3,4,5,__NA__,97,99,26,1,3,3,3,1,2,3,1
76,5,0,10,0,0,0,0, ,1953,1,1,__NA__,2,1,4,1,__NA__,11,99,30,1,3,4,4,2,1,4,11
77,5,0,10,0,0,0,0, ,1936,2,1,__NA__,2,1,4,5,__NA__,97,99,6,1,1,1,2,1,2,6,11
78,5,0,10,0,0,0,0, ,1961,1,1,__NA__,6,1,4,1,__NA__,15,99,17,1,3,4,5,1,1,2,1
79,5,2,2,2,2,2,0, ,1953,1,1,__NA__,3,1,4,1,__NA__,9,99,4,1,2,7,5,1,2,4,1
80,5,0,5,0,0,3,2,aa,1961,1,1,__NA__,6,1,4,2,__NA__,97,99,48,1,3,8,3,1,1,5,12
81,3,0,7,0,0,3,0, ,1947,2,1,__NA__,3,1,8,2,__NA__,4,99,6,1,4,4,3,1,2,6,1
82,5,1,3,5,1,0,0, ,1973,2,3,__NA__,2,1,3,1,__NA__,5,99,40,2,3,4,1,4,2,6,1
83,3,10,0,0,0,0,0, ,1952,2,2,__NA__,3,5,4,5,__NA__,8,99,42,1,1,1,3,2,1,1,1
84,3,7,0,3,0,0,0, ,1964,2,2,__NA__,4,1,4,1,__NA__,97,99,34,1,1,2,2,3,1,3,1
85,5,0,10,0,0,0,0, ,1954,1,1,__NA__,2,1,4,5,__NA__,10,99,12,1,2,5,3,1,2,6,10
86,5,0,10,0,0,0,0, ,1967,2,1,__NA__,2,1,4,7,__NA__,97,99,6,1,2,6,5,2,1,1,1
87,4,0,10,0,0,0,0, ,1963,1,1,__NA__,2,5,4,1,__NA__,3,99,42,1,1,2,2,2,2,6,9
88,5,0,0,1,5,0,4,hawaiian,1986,2,7,__NA__,3,6,4,2,__NA__,97,99,53,1,3,4,3,4,2,6,11
89,3,0,8,0,0,2,0, ,1946,2,1,__NA__,6,1,4,5,__NA__,13,99,32,1,3,4,4,1,2,5,2
90,3,0,10,0,0,0,0, ,1969,1,1,__NA__,3,5,4,6,__NA__,1,99,53,1,3,4,3,1,2,6,11
91,5,0,7,1,1,1,0, ,1986,2,1,__NA__,5,5,4,1,__NA__,8,99,53,1,1,1,2,1,2,6,9
92,5,0,10,0,0,0,0, ,1956,1,1,__NA__,3,5,4,1,__NA__,5,99,6,1,1,1,2,1,2,5,12
93,3,0,8,0,0,0,2,european,1953,2,1,__NA__,5,6,4,1,__NA__,97,99,26,1,3,5,4,1,2,4,2
94,4,0,10,0,0,0,0, ,1940,2,1,__NA__,2,4,4,5,__NA__,3,99,6,1,1,2,3,1,2,6,11
95,5,2,2,2,2,2,0, ,1951,1,1,__NA__,2,1,4,6,__NA__,97,99,4,1,1,1,2,1,2,6,10
96,5,0,6,0,0,0,4,Jewish,1973,2,1,__NA__,6,3,4,1,__NA__,4,99,6,1,3,3,3,3,2,4,11
97,5,0,10,0,0,0,0, ,1933,2,1,__NA__,6,4,4,5,__NA__,5,99,48,1,2,7,5,1,1,2,1
98,4,0,9,0,0,0,1,portuguese,1960,1,1,__NA__,6,1,4,1,__NA__,11,99,25,1,3,5,4,3,2,5,11
99,5,0,10,0,0,0,0, ,1968,2,1,__NA__,5,1,4,1,__NA__,9,99,26,1,3,3,1,1,2,6,10
100,3,0,10,0,0,0,0, ,1943,1,1,__NA__,3,1,4,5,__NA__,6,99,35,1,3,4,4,1,2,6,1
101,5,0,0,0,0,0,10,cajun,1937,1,1,__NA__,2,1,4,5,__NA__,4,99,22,1,3,3,1,1,2,6,10
102,3,0,10,0,0,0,0, ,1962,1,1,__NA__,5,1,4,4,__NA__,8,99,28,1,2,6,4,1,2,5,12
103,5,0,10,0,0,0,0, ,1962,1,1,__NA__,3,5,4,1,__NA__,6,99,27,1,1,1,2,1,2,2,1
104,1,0,0,0,0,10,0, ,1944,2,5,__NA__,2,4,4,6,__NA__,3,99,27,1,1,1,1,1,2,6,2
105,5,0,10,0,0,0,0, ,1977,1,1,__NA__,5,1,4,1,__NA__,9,99,49,1,3,5,6,2,2,6,11
106,5,0,5,5,0,0,0, ,1991,2,6,__NA__,3,5,4,2,__NA__,3,99,6,1,4,4,6,2,2,6,11
107,4,0,10,0,0,0,0, ,1965,1,1,__NA__,5,1,4,1,__NA__,11,99,27,1,4,7,5,1,2,5,10
108,5,0,10,0,0,0,0, ,1943,2,1,__NA__,6,5,4,5,__NA__,97,99,12,1,1,1,3,1,2,6,2
109,1,0,10,0,0,0,0, ,1955,1,1,__NA__,4,1,4,1,__NA__,97,99,45,1,1,1,2,1,2,5,1
110,4,0,8,0,0,0,2,Italian,1954,2,1,__NA__,6,1,4,1,__NA__,7,99,29,1,2,6,4,1,1,1,1
111,5,0,10,0,0,0,0, ,1931,1,1,__NA__,1,4,4,5,__NA__,4,99,12,1,2,7,4,1,2,6,11
112,5,0,7,0,0,3,0, ,1953,1,1,__NA__,3,5,4,5,__NA__,97,99,18,1,1,1,3,1,2,6,10
113,5,0,10,0,0,0,0, ,1949,1,1,__NA__,5,1,4,5,__NA__,5,99,4,1,3,5,4,1,2,5,11
114,5,0,10,0,0,0,0, ,1932,2,1,__NA__,3,1,4,5,__NA__,5,99,47,1,2,5,4,1,1,1,3
115,5,0,8,2,0,0,0, ,1973,2,1,__NA__,5,1,4,1,__NA__,16,99,6,1,1,1,2,1,2,6,2
116,3,-8,-8,-8,-8,-8,-8, ,1973,2,1,__NA__,2,1,4,6,__NA__,97,99,48,3,3,4,6,2,1,5,11
117,5,0,10,0,0,0,0, ,1972,1,1,__NA__,2,6,4,1,__NA__,9,99,48,1,3,3,3,1,2,5,9
118,5,0,10,0,0,0,0, ,1961,1,1,__NA__,5,1,4,1,__NA__,7,99,56,1,1,2,5,2,1,5,1
119,5,0,10,0,0,0,0, ,1964,1,1,__NA__,2,1,4,1,__NA__,8,99,36,1,3,4,4,4,2,6,1
120,5,0,10,0,0,0,0, ,1952,1,1,__NA__,2,1,4,5,__NA__,97,99,36,1,1,2,3,3,2,7,11
121,5,0,10,0,0,0,0, ,1972,2,1,__NA__,1,1,4,7,__NA__,3,99,27,1,4,4,3,2,2,6,11
122,5,2,8,0,0,0,0, ,1947,2,1,__NA__,1,3,4,5,__NA__,2,99,39,1,3,4,6,2,2,6,1
123,4,0,4,6,0,0,0, ,1945,1,3,__NA__,5,1,3,5,__NA__,6,99,6,1,1,2,3,1,2,2,3
124,3,0,10,0,0,0,0, ,1963,2,1,__NA__,2,1,4,7,__NA__,6,99,45,1,2,7,5,3,1,2,1
125,4,0,10,0,0,0,0, ,1952,1,1,__NA__,2,1,4,6,__NA__,97,99,36,2,3,4,6,2,2,6,10
126,5,0,9,0,0,1,0, ,1961,2,1,__NA__,4,1,4,1,__NA__,6,99,1,1,1,1,2,1,2,5,2
127,5,3,3,1,1,1,1, ,1939,2,1,__NA__,2,1,4,5,__NA__,5,99,8,1,1,1,3,2,2,6,2
128,5,0,10,0,0,0,0, ,1937,1,1,__NA__,2,1,4,5,__NA__,5,99,6,1,4,4,5,3,2,2,1
129,5,0,10,0,0,0,0, ,1954,1,1,__NA__,2,1,4,1,__NA__,9,99,36,1,2,6,4,3,2,6,2
130,5,0,9,0,0,1,0, ,1966,2,1,__NA__,6,1,4,1,__NA__,12,99,10,1,1,1,1,1,2,4,11
131,2,8,1,0,0,1,0, ,1975,2,2,__NA__,6,5,4,2,__NA__,3,99,53,1,1,1,1,1,2,6,11
132,4,0,10,0,0,0,0, ,1957,1,1,__NA__,5,5,4,1,__NA__,9,99,15,1,2,6,3,2,2,2,1
133,4,1,6,1,1,1,0, ,1958,1,1,__NA__,2,1,4,6,__NA__,97,99,31,1,3,4,6,1,2,6,11
134,5,0,10,0,0,0,0, ,1959,2,1,__NA__,2,1,4,1,__NA__,8,99,12,1,2,7,4,2,1,2,1
135,4,10,0,0,0,0,0, ,1962,1,2,__NA__,2,5,4,2,__NA__,2,99,31,1,1,1,2,2,2,6,1
136,5,2,2,2,2,2,0, ,1941,2,1,__NA__,2,1,4,5,__NA__,4,99,17,1,1,2,3,3,2,3,2
137,5,0,10,0,0,0,0, ,1941,2,1,__NA__,2,4,4,7,__NA__,6,99,42,1,2,6,3,1,2,4,1
138,4,-8,-8,-8,-8,-8,-8, ,1950,2,1,__NA__,2,1,4,5,__NA__,2,99,26,1,2,6,6,4,2,6,11
139,2,0,4,6,0,0,0, ,1938,1,3,__NA__,2,1,2,5,__NA__,6,99,34,1,1,2,4,3,2,2,2
140,5,0,10,0,0,0,0, ,1960,1,1,__NA__,2,1,4,1,__NA__,9,99,17,1,1,2,4,1,1,4,3
141,5,0,0,10,0,0,0, ,1978,1,3,__NA__,2,1,3,7,__NA__,6,99,42,1,1,2,3,3,2,6,2
142,5,0,10,0,0,0,0, ,1948,2,1,__NA__,1,3,4,2,__NA__,5,99,33,1,3,4,3,1,2,3,2
143,5,0,10,0,0,0,0, ,1959,1,1,__NA__,5,1,4,1,__NA__,97,99,6,1,1,1,1,1,2,6,5
144,4,0,0,9,0,1,0, ,1961,1,3,__NA__,5,1,3,1,__NA__,6,99,48,1,1,3,1,1,2,6,11
145,5,0,5,5,0,0,0, ,1956,2,1,__NA__,6,5,4,1,__NA__,12,99,12,1,3,3,3,4,2,5,2
146,5,0,10,0,0,0,0, ,1977,1,1,__NA__,2,5,4,6,__NA__,4,99,5,2,2,7,4,3,2,5,12
147,4,10,0,0,0,0,0, ,1959,1,2,__NA__,6,1,4,1,__NA__,7,99,12,1,1,1,3,2,1,4,1
148,5,4,4,2,0,0,0, ,1955,2,1,__NA__,2,1,4,1,__NA__,3,99,48,1,2,7,3,3,1,5,1
149,5,0,10,0,0,0,0, ,1982,1,1,__NA__,1,5,4,1,__NA__,2,99,24,1,2,7,4,2,2,1,5
150,4,0,10,0,0,0,0, ,1965,1,1,__NA__,2,1,4,1,__NA__,9,99,17,1,1,1,2,1,1,2,1
151,5,0,10,0,0,0,0, ,1975,2,1,__NA__,5,1,4,1,__NA__,9,99,37,1,3,4,4,1,2,5,2
152,5,0,10,0,0,0,0, ,1964,2,1,__NA__,2,3,4,1,__NA__,2,99,39,1,2,6,3,3,2,6,1
153,5,0,10,0,0,0,0, ,1953,1,1,__NA__,2,1,4,1,__NA__,97,99,18,1,2,7,5,1,2,5,11
154,5,0,9,0,0,1,0, ,1950,2,1,__NA__,2,3,4,5,__NA__,4,99,21,1,2,6,4,2,1,2,1
155,5,0,10,0,0,0,0, ,1955,2,1,__NA__,2,1,4,5,__NA__,9,99,39,1,2,6,4,1,2,2,2
156,4,0,10,0,0,0,0, ,1972,1,1,__NA__,2,6,4,9,__NA__,2,99,20,2,4,4,4,4,2,6,1
157,5,3,2,1,2,2,0, ,1955,1,2,__NA__,3,6,4,1,__NA__,8,99,42,1,1,1,3,1,2,2,1
158,5,0,10,0,0,0,0, ,1964,1,1,__NA__,2,1,4,1,__NA__,5,99,12,1,2,7,5,1,1,6,1
159,5,2,2,2,2,2,0, ,1958,1,1,__NA__,1,1,4,6,__NA__,2,99,51,1,3,4,4,4,1,1,1
160,5,0,10,0,0,0,0, ,1953,1,1,__NA__,1,1,4,6,__NA__,97,99,55,1,1,1,1,1,2,6,9
161,5,0,7,0,0,3,0, ,1942,2,1,__NA__,2,1,4,5,__NA__,4,99,20,1,2,6,5,2,1,5,1
162,4,3,2,1,3,1,0, ,1950,2,1,__NA__,2,4,4,5,__NA__,1,99,48,1,3,5,3,1,1,5,1
163,4,4,6,0,0,0,0, ,1964,2,6,__NA__,2,5,4,1,__NA__,5,99,42,1,1,1,1,3,2,5,1
164,5,1,6,1,1,1,0, ,1946,1,1,__NA__,2,1,4,5,__NA__,7,99,12,1,1,2,3,1,1,2,1
165,5,0,5,5,0,0,0, ,1972,2,3,__NA__,5,1,3,7,__NA__,97,99,48,1,1,2,3,4,2,2,2
166,5,0,10,0,0,0,0, ,1938,1,1,__NA__,1,1,4,6,__NA__,6,99,6,1,2,7,4,1,2,5,1
167,5,4,1,2,1,2,0, ,1954,1,1,__NA__,3,1,4,1,__NA__,7,99,42,1,2,6,4,1,2,5,1
168,5,0,10,0,0,0,0, ,1954,2,1,__NA__,3,1,4,2,__NA__,5,99,39,2,3,4,3,2,2,6,11
169,5,0,10,0,0,0,0, ,1990,1,1,__NA__,5,5,4,1,__NA__,6,99,37,1,3,4,4,1,1,3,1
170,4,0,0,0,10,0,0, ,1981,2,4,__NA__,5,5,4,1,__NA__,9,99,6,1,1,2,2,3,2,6,9
171,3,0,8,0,0,2,0, ,1950,1,1,__NA__,6,1,4,1,__NA__,11,99,35,1,3,6,4,1,2,5,1
172,5,0,10,0,0,0,0, ,1980,2,1,__NA__,2,1,4,7,__NA__,3,99,21,1,3,4,6,1,2,4,1
173,5,2,2,2,2,2,0, ,1940,2,1,__NA__,4,3,4,5,__NA__,3,99,8,1,1,1,2,1,2,2,2
174,5,2,2,2,2,2,0, ,1936,1,1,__NA__,2,1,4,1,__NA__,3,99,48,1,2,7,5,1,1,1,1
175,5,0,8,1,0,0,1,South American Indian,1961,2,6,__NA__,5,1,4,2,__NA__,1,99,41,1,1,1,1,1,2,6,9
176,4,0,10,0,0,0,0, ,1986,2,1,__NA__,5,5,4,1,__NA__,6,99,6,1,2,6,4,2,2,2,2
177,4,0,10,0,0,0,0, ,1954,1,1,__NA__,3,3,4,6,__NA__,3,99,23,1,3,5,4,1,2,5,2
178,5,0,7,3,0,0,0, ,1959,1,1,__NA__,5,1,4,1,__NA__,12,99,12,1,2,7,4,1,2,2,2
179,5,0,10,0,0,0,0, ,1959,2,1,__NA__,2,1,4,7,__NA__,1,99,47,1,2,6,4,1,2,4,1
180,5,0,8,1,0,0,1,european,1968,2,1,__NA__,4,5,4,4,__NA__,3,99,6,2,1,1,2,2,2,6,10
181,1,0,8,0,0,2,0, ,1946,1,1,__NA__,1,1,4,5,__NA__,3,99,19,1,3,4,4,1,1,5,1
182,5,1,2,3,1,2,1,None,1932,2,1,__NA__,2,4,4,5,__NA__,2,99,24,1,2,6,4,2,1,1,1
183,5,0,10,0,0,0,0, ,1957,2,1,__NA__,5,3,4,1,__NA__,4,99,29,1,2,6,4,1,2,6,1
184,4,10,0,0,0,0,0, ,1955,2,2,__NA__,1,4,4,5,__NA__,5,99,5,1,1,1,2,3,2,3,6
185,4,0,8,1,0,1,0, ,1979,1,1,__NA__,6,1,4,1,__NA__,12,99,29,1,3,5,3,1,1,2,1
186,5,0,10,0,0,0,0, ,1975,2,1,__NA__,5,5,4,1,__NA__,8,99,48,1,1,1,2,1,2,5,8
187,5,0,8,0,0,2,0, ,1956,2,1,__NA__,3,1,4,7,__NA__,7,99,6,1,1,1,1,1,2,6,11
188,4,0,8,1,0,1,0, ,1973,1,1,__NA__,4,1,4,1,__NA__,11,99,22,1,2,7,4,1,2,3,2
189,5,0,9,0,0,1,0, ,1953,2,1,__NA__,2,1,4,7,__NA__,5,99,18,1,3,7,5,4,1,2,1
190,5,0,10,0,0,0,0, ,1980,2,1,__NA__,2,1,4,7,__NA__,3,99,17,1,3,4,5,2,2,1,11
191,5,0,7,0,0,0,3,eastern European,1952,2,1,__NA__,5,6,4,9,__NA__,97,99,42,1,3,3,3,1,2,2,2
192,4,0,10,0,0,0,0,0,1974,1,1,__NA__,3,5,4,1,__NA__,11,99,24,1,1,2,3,1,2,6,9
193,3,0,0,0,0,0,10,american,1957,2,1,__NA__,2,1,4,7,__NA__,97,99,39,1,2,6,3,1,2,5,1
194,5,0,10,0,0,0,0, ,1982,1,1,__NA__,4,1,4,1,__NA__,10,99,51,1,3,4,3,1,1,1,1
195,5,0,5,0,0,5,0, ,1961,2,5,__NA__,6,1,4,2,__NA__,97,99,45,1,3,4,4,1,1,4,1
196,5,0,10,0,0,0,0, ,1925,1,1,__NA__,1,1,4,5,__NA__,97,99,48,1,2,7,5,1,1,6,1
197,4,0,10,0,0,0,0, ,1980,1,1,__NA__,3,1,4,1,__NA__,5,99,6,1,2,6,4,2,2,3,2
198,4,0,9,0,0,1,0, ,1952,1,1,__NA__,3,5,4,6,__NA__,3,99,6,1,3,5,3,1,2,6,11
199,5,0,9,0,0,1,0, ,1984,2,1,__NA__,5,1,4,1,__NA__,9,99,33,1,1,1,1,2,2,6,9
200,3,0,10,0,0,0,0, ,1960,2,1,__NA__,2,1,4,2,__NA__,4,99,17,1,2,7,5,1,2,5,2
201,5,0,10,0,0,0,0, ,1937,1,1,__NA__,2,1,4,5,__NA__,7,99,45,1,2,7,5,1,1,1,1
202,5,0,10,0,0,0,0, ,1978,1,1,__NA__,3,5,4,1,__NA__,4,99,53,1,1,1,3,2,2,2,1
203,3,0,5,5,0,0,0, ,1961,2,1,__NA__,6,1,4,1,__NA__,9,99,42,1,1,1,2,1,2,5,2
204,4,10,0,0,0,0,0, ,1954,1,2,__NA__,5,1,4,1,__NA__,8,99,42,1,1,1,4,2,1,3,1
205,5,0,10,0,0,0,0, ,1960,2,1,__NA__,2,1,4,7,__NA__,6,99,4,1,2,7,5,2,1,1,1
206,5,0,10,0,0,0,0, ,1952,2,1,__NA__,4,3,4,1,__NA__,4,99,42,1,1,2,6,3,2,5,1
207,2,7,3,0,0,0,0, ,1941,2,2,__NA__,3,1,4,5,__NA__,6,99,42,1,1,2,4,2,2,6,1
208,5,0,10,0,0,0,0, ,1941,1,1,__NA__,2,4,4,5,__NA__,3,99,12,1,3,4,5,4,2,5,2
209,5,0,10,0,0,0,0, ,1961,2,1,__NA__,3,4,4,6,__NA__,2,99,2,1,3,3,3,2,2,3,1
210,4,0,10,0,0,0,0, ,1989,1,1,__NA__,5,5,4,1,__NA__,5,99,6,1,2,6,4,2,2,6,2
211,4,0,10,0,0,0,0, ,1967,1,1,__NA__,3,1,4,1,__NA__,97,99,45,1,3,7,4,1,1,2,1
212,5,0,10,0,0,0,0, ,1962,2,1,__NA__,3,1,4,9,__NA__,6,99,42,1,2,6,4,2,2,5,11
213,5,0,5,2,0,0,3,Romani,1976,1,6,__NA__,2,5,4,6,__NA__,2,99,31,3,3,3,2,3,2,6,12
214,5,0,10,0,0,0,0, ,1955,2,1,__NA__,5,3,4,1,__NA__,5,99,42,1,1,2,3,2,2,4,2
215,4,2,2,2,2,2,0, ,1959,1,1,__NA__,3,6,4,4,__NA__,97,99,2,1,3,4,3,1,2,6,12
216,5,0,10,0,0,0,0, ,1956,2,1,__NA__,3,6,4,2,__NA__,4,99,36,1,3,3,1,1,2,6,11
217,4,0,10,0,0,0,0,Swedish,1951,2,1,__NA__,3,1,4,1,__NA__,10,99,1,1,3,5,3,1,2,5,1
218,4,0,10,0,0,0,0, ,1947,2,1,__NA__,5,1,4,5,__NA__,97,99,6,1,3,5,3,1,2,2,2
219,5,0,9,0,0,1,0, ,1947,1,1,__NA__,6,4,4,5,__NA__,7,99,36,1,2,7,4,1,2,5,1
220,5,0,8,0,0,2,0, ,1984,2,1,__NA__,5,1,4,7,__NA__,6,99,16,1,2,7,5,1,2,2,3
221,5,0,10,0,0,0,0, ,1939,2,1,__NA__,2,1,4,5,__NA__,7,99,12,1,2,7,3,1,2,6,5
222,4,0,10,0,0,0,0, ,1978,2,1,__NA__,6,3,4,1,__NA__,7,99,2,1,3,3,2,2,2,5,1
223,5,0,10,0,0,0,0, ,1932,2,1,__NA__,6,5,4,5,__NA__,5,99,48,1,3,4,4,1,2,5,2
224,3,0,10,0,0,0,0, ,1973,2,1,__NA__,1,5,4,2,__NA__,7,99,6,1,1,1,5,1,1,7,1
225,5,0,10,0,0,0,0, ,1955,2,1,__NA__,3,1,4,1,__NA__,11,99,4,1,1,1,1,4,2,6,2
226,5,0,10,0,0,0,0, ,1970,2,1,__NA__,5,1,4,4,__NA__,31,99,20,1,2,6,4,1,1,5,1
227,5,0,10,0,0,0,0, ,1942,1,1,__NA__,5,1,4,5,__NA__,9,99,12,1,3,5,4,1,2,5,11
228,5,0,10,0,0,0,0, ,1960,2,1,__NA__,6,1,4,1,__NA__,12,99,12,1,2,6,4,1,2,6,11
229,5,0,10,0,0,0,0, ,1958,2,1,__NA__,2,3,4,4,__NA__,4,99,8,1,1,2,2,1,2,6,11
230,5,0,9,0,0,1,0, ,1946,1,1,__NA__,2,1,4,1,__NA__,4,99,13,1,3,5,4,1,1,5,1
231,5,0,10,0,0,0,0, ,1972,2,1,__NA__,3,5,4,1,__NA__,97,99,30,1,1,1,3,2,2,5,2
232,4,0,8,0,0,2,0, ,1972,1,1,__NA__,5,1,4,1,__NA__,12,99,51,1,3,4,4,1,2,6,2
233,5,0,10,0,0,0,0, ,1988,2,1,__NA__,1,1,4,7,__NA__,4,99,36,1,3,4,3,2,2,6,11
234,5,1,5,4,0,0,0, ,1963,1,1,__NA__,1,1,4,7,__NA__,97,99,16,1,3,4,4,1,1,1,1
235,5,0,10,0,0,0,0, ,1965,1,1,__NA__,5,1,4,1,__NA__,10,99,41,1,1,6,4,1,2,6,9
236,5,0,10,0,0,0,0, ,1988,1,1,__NA__,2,5,4,3,__NA__,97,99,42,1,1,1,1,1,2,6,9
237,5,0,10,0,0,0,0, ,1948,1,1,__NA__,5,4,4,1,__NA__,9,99,55,1,1,1,2,1,2,5,1
238,5,0,6,4,0,0,0, ,1976,1,1,__NA__,6,1,4,1,__NA__,5,99,20,1,3,6,4,1,2,2,2
239,3,0,6,0,3,0,1,Brown,1977,1,8,__NA__,6,1,4,1,__NA__,9,99,5,1,2,4,4,4,1,3,1
240,5,0,10,0,0,0,0, ,1954,2,1,__NA__,6,1,4,4,__NA__,3,99,6,1,2,6,3,2,1,2,1
241,3,10,0,0,0,0,0, ,1955,2,2,__NA__,4,5,4,1,__NA__,7,99,4,1,1,1,3,1,2,1,1
242,5,0,10,0,0,0,0, ,1977,2,1,__NA__,3,3,4,1,__NA__,2,99,42,1,3,4,5,2,1,3,11
243,5,0,10,0,0,0,0, ,1963,2,1,__NA__,6,1,4,1,__NA__,12,99,51,1,3,3,2,1,2,5,1
244,5,0,9,0,0,1,0, ,1983,1,1,__NA__,5,6,4,1,__NA__,8,99,18,1,2,6,3,1,1,5,1
245,5,0,10,0,0,0,0, ,1976,2,1,__NA__,5,1,4,2,__NA__,7,99,8,1,2,6,4,3,1,2,1
246,5,0,10,0,0,0,0, ,1964,2,1,__NA__,2,1,4,6,__NA__,6,99,39,1,1,1,1,1,1,6,1
247,5,0,10,0,0,0,0, ,1959,2,1,__NA__,5,1,4,1,__NA__,97,99,8,1,1,1,2,1,2,4,11
248,5,0,7,0,0,2,1,European,1977,1,1,__NA__,2,1,4,1,__NA__,4,99,21,1,4,5,4,4,2,6,9
249,5,0,9,0,0,1,0, ,1975,1,1,__NA__,2,1,4,1,__NA__,6,99,45,1,1,2,3,3,2,6,11
250,5,0,10,0,0,0,0, ,1953,1,1,__NA__,5,1,4,1,__NA__,11,99,36,1,2,6,3,1,2,5,1
251,5,0,10,0,0,0,0, ,1966,1,1,__NA__,3,1,4,4,__NA__,8,99,37,1,2,7,5,1,1,3,2
252,5,0,10,0,0,0,0, ,1956,2,1,__NA__,4,1,4,2,__NA__,5,99,26,1,1,1,3,2,1,4,1
253,5,0,9,0,0,1,0, ,1956,1,1,__NA__,5,1,4,1,__NA__,4,99,18,1,2,7,4,1,1,1,1
254,3,2,3,2,1,1,1, ,1933,2,1,__NA__,2,4,4,5,__NA__,97,99,45,1,3,5,4,1,1,2,1
255,5,0,10,0,0,0,0, ,1954,2,1,__NA__,5,5,4,1,__NA__,3,99,28,1,1,2,2,2,2,5,2
256,5,1,6,1,1,1,0, ,1939,2,1,__NA__,2,4,4,5,__NA__,5,99,25,1,1,1,3,2,2,2,2
257,5,0,0,10,0,0,0, ,1958,1,3,__NA__,2,1,2,1,__NA__,97,99,6,1,2,7,6,7,2,7,2
258,3,0,10,0,0,0,0, ,1957,2,1,__NA__,2,1,4,1,__NA__,6,99,1,1,1,2,3,2,1,1,1
259,4,0,10,0,0,0,0, ,1988,2,1,__NA__,6,5,4,2,__NA__,8,99,17,1,1,1,1,1,2,5,2
260,4,0,0,10,0,0,0, ,1954,1,3,__NA__,3,2,4,1,__NA__,9,99,48,1,3,3,2,1,2,6,10
261,5,0,10,0,0,0,0, ,1956,1,1,__NA__,3,1,4,1,__NA__,10,99,26,1,2,6,3,1,2,4,1
262,4,0,2,6,0,2,0, ,1941,1,3,__NA__,2,1,4,5,__NA__,6,99,21,1,3,3,2,2,2,5,10
263,3,0,10,0,0,0,0, ,1938,2,1,__NA__,5,1,4,4,__NA__,6,99,45,1,3,5,3,1,1,1,1
264,5,0,10,0,0,0,0, ,1936,1,1,__NA__,2,1,4,5,__NA__,3,99,12,1,2,7,5,1,1,1,1
265,4,0,10,0,0,0,0, ,1957,1,1,__NA__,2,1,4,6,__NA__,97,99,45,1,3,5,4,1,1,2,1
266,5,0,10,0,0,0,0,0,1967,1,1,__NA__,6,1,4,1,__NA__,9,99,13,1,3,3,3,1,1,4,1
267,4,0,0,0,0,0,10,Pacific Islander,1956,1,7,__NA__,5,1,4,5,__NA__,11,99,6,1,1,1,2,1,2,4,1
268,5,0,10,0,0,0,0, ,1933,2,1,__NA__,3,4,4,5,__NA__,2,99,6,1,1,1,3,2,2,4,1
269,5,0,10,0,0,0,0, ,1996,1,1,__NA__,3,5,4,8,__NA__,9,99,25,1,3,4,2,2,2,6,11
270,4,0,9,1,0,0,0, ,1955,1,1,__NA__,4,5,4,6,__NA__,3,99,6,1,1,1,1,1,2,5,2
271,5,0,9,0,0,1,0, ,1952,2,1,__NA__,3,3,4,1,__NA__,6,99,50,1,3,3,2,1,2,6,9
272,4,0,10,0,0,0,0, ,1975,2,1,__NA__,6,1,4,1,__NA__,9,99,12,1,2,6,4,3,2,5,1
273,5,0,0,10,0,0,0, ,1988,1,3,__NA__,2,5,2,8,__NA__,8,99,12,1,4,5,4,1,2,6,7
274,5,0,9,0,0,1,0, ,1957,1,1,__NA__,4,4,4,5,__NA__,12,99,41,1,4,5,5,1,1,4,1
275,5,1,3,1,2,2,1, ,1947,2,3,__NA__,2,1,2,5,__NA__,97,99,48,1,1,2,2,1,2,2,2
276,5,1,5,1,1,2,0, ,1959,1,1,__NA__,1,1,4,6,__NA__,2,99,13,1,2,7,3,2,2,6,11
277,5,0,10,0,0,0,0, ,1946,2,1,__NA__,1,1,4,5,__NA__,7,99,6,1,1,1,2,1,2,4,2
278,4,0,10,0,0,0,0, ,1977,2,1,__NA__,4,1,4,7,__NA__,8,99,51,1,1,1,2,1,2,6,9
279,3,0,0,0,0,0,10,American,1958,1,7,__NA__,1,3,4,1,__NA__,4,99,42,1,4,5,5,1,2,5,11
280,5,0,10,0,0,0,0, ,1956,1,1,__NA__,2,1,4,1,__NA__,10,99,36,1,3,4,3,1,2,2,2
281,4,0,10,0,0,0,0, ,1952,2,1,__NA__,3,1,4,6,__NA__,4,99,4,2,4,4,3,2,2,6,1
282,4,5,5,0,0,0,0, ,1955,2,1,__NA__,3,1,4,5,__NA__,11,99,47,1,2,7,3,2,2,4,1
283,5,0,10,0,0,0,0,0,1949,1,1,__NA__,6,3,4,1,__NA__,4,99,27,1,1,1,1,1,2,4,1
284,2,10,0,0,0,0,0, ,1954,1,2,__NA__,3,5,4,6,__NA__,2,99,48,1,1,2,3,1,2,5,1
285,5,0,10,0,0,0,0, ,1951,1,1,__NA__,1,3,4,5,__NA__,2,99,36,1,2,7,4,2,2,6,11
286,5,0,10,0,0,0,0, ,1956,2,1,__NA__,2,1,4,1,__NA__,11,99,42,1,3,4,3,2,2,4,2
287,3,6,1,0,0,3,0, ,1961,1,2,__NA__,3,1,4,5,__NA__,3,99,39,1,1,1,4,2,1,5,1
288,3,0,10,0,0,0,0, ,1943,2,1,__NA__,6,1,4,5,__NA__,11,99,10,1,1,2,3,1,1,1,1
289,5,0,10,0,0,0,0, ,1961,2,1,__NA__,2,5,4,2,__NA__,3,99,42,1,3,4,4,2,1,5,11
290,4,0,10,0,0,0,0, ,1940,2,1,__NA__,2,3,4,5,__NA__,2,99,42,1,1,2,3,2,2,6,2
291,1,1,2,4,1,1,1, ,1986,1,3,__NA__,3,5,2,8,__NA__,1,99,6,2,1,1,4,7,2,4,2
292,5,2,2,2,2,2,0, ,1980,1,3,__NA__,2,5,3,2,__NA__,97,99,12,1,2,7,4,1,2,4,2
293,5,0,10,0,0,0,0, ,1947,2,1,__NA__,5,3,4,2,__NA__,3,99,29,1,1,1,3,2,2,1,2
294,5,0,10,0,0,0,0,0,1965,2,1,__NA__,2,1,4,1,__NA__,2,99,36,1,3,8,4,3,2,6,11
295,4,0,9,0,0,0,1,italian,1954,1,1,__NA__,2,1,4,4,__NA__,3,99,39,1,3,5,4,2,2,4,2
296,5,0,10,0,0,0,0, ,1961,2,1,__NA__,5,1,4,9,__NA__,3,99,41,1,3,5,5,2,1,1,1
297,5,0,10,0,0,0,0, ,1951,2,1,__NA__,2,1,4,5,__NA__,6,99,21,1,1,1,2,1,2,6,11
298,5,0,9,0,0,1,0, ,1965,1,1,__NA__,1,1,4,6,__NA__,4,99,29,1,2,6,4,3,1,5,1
299,5,0,9,0,0,1,0, ,1950,2,1,__NA__,3,3,4,1,__NA__,6,99,53,1,1,1,1,1,2,6,11
300,4,1,2,3,3,1,0, ,1964,2,1,__NA__,4,3,4,6,__NA__,3,99,48,1,3,5,5,1,1,6,1
301,4,0,0,5,0,3,2,spainish,1943,2,3,__NA__,2,1,2,5,__NA__,5,99,48,1,1,1,3,1,2,4,2
302,5,0,3,7,0,0,0, ,1969,2,3,__NA__,3,1,2,1,__NA__,9,99,6,1,2,6,3,3,2,5,2
303,5,0,10,0,0,0,0, ,1943,2,1,__NA__,3,1,4,7,__NA__,5,99,17,1,2,6,4,1,2,2,2
304,4,0,10,0,0,0,0, ,1957,2,1,__NA__,5,3,4,1,__NA__,11,99,47,1,2,7,4,2,2,2,1
305,5,0,10,0,0,0,0, ,1961,2,1,__NA__,2,1,4,6,__NA__,2,99,29,1,1,2,6,2,1,2,1
306,5,0,10,0,0,0,0, ,1945,2,1,__NA__,5,1,4,5,__NA__,97,99,17,1,1,1,1,2,2,4,5
307,4,0,9,0,0,1,0, ,1955,2,7,__NA__,6,5,4,1,__NA__,97,99,8,1,4,4,5,1,1,2,1
308,1,3,1,2,2,2,0, ,1963,2,3,__NA__,4,1,2,1,__NA__,6,99,18,1,3,4,2,1,2,4,2
309,5,0,9,0,0,1,0,n/a,1976,1,1,__NA__,5,3,4,1,__NA__,4,99,26,1,3,5,4,2,2,6,11
310,4,0,5,5,0,0,0, ,1983,2,6,__NA__,3,1,4,7,__NA__,9,99,25,1,3,4,3,2,2,6,4
311,5,0,10,0,0,0,0, ,1954,1,1,__NA__,5,1,4,1,__NA__,12,99,32,1,3,4,3,2,2,6,1
312,4,0,10,0,0,0,0, ,1926,2,1,__NA__,2,3,4,1,__NA__,6,99,10,1,2,7,5,1,1,2,1
313,5,0,10,0,0,0,0, ,1972,2,1,__NA__,4,1,4,7,__NA__,5,99,26,1,1,2,2,1,2,5,11
314,4,5,1,2,1,1,0, ,1965,1,1,__NA__,6,3,4,8,__NA__,3,99,13,1,2,7,4,1,1,1,1
315,5,0,10,0,0,0,0, ,1955,2,1,__NA__,3,1,4,7,__NA__,7,99,26,2,1,1,3,1,2,2,2
316,5,2,2,2,1,2,1,1,1947,2,1,__NA__,2,1,4,5,__NA__,97,99,39,1,3,5,6,2,1,2,2
317,5,0,0,10,0,0,0, ,1951,1,3,__NA__,2,1,3,5,__NA__,12,99,6,1,1,1,3,1,2,5,2
318,5,0,5,0,0,0,5,German,1940,1,1,__NA__,4,1,4,5,__NA__,4,99,27,1,4,5,4,1,2,2,1
319,1,10,0,0,0,0,0, ,1984,2,2,__NA__,2,5,4,4,__NA__,3,99,34,1,1,1,5,1,1,1,11
320,5,0,10,0,0,0,0, ,1956,2,1,__NA__,1,3,4,6,__NA__,1,99,27,1,1,1,3,3,2,6,12
321,3,10,0,0,0,0,0, ,1960,2,2,__NA__,1,6,4,6,__NA__,1,99,39,1,1,1,5,2,1,6,1
322,3,2,2,2,2,2,0, ,1943,2,1,__NA__,2,2,4,5,__NA__,3,99,36,1,1,2,3,1,2,4,2
323,5,0,5,0,0,5,0, ,1972,2,1,__NA__,5,1,4,2,__NA__,2,99,47,1,3,3,3,2,1,1,1
324,5,0,10,0,0,0,0, ,1972,2,1,__NA__,4,6,4,1,__NA__,4,99,12,1,1,1,2,2,1,5,11
325,5,2,3,1,3,1,0, ,1974,1,1,__NA__,6,1,4,1,__NA__,10,99,12,1,3,4,4,1,2,3,11
326,5,0,9,0,0,1,0, ,1973,1,1,__NA__,2,1,4,2,__NA__,5,99,12,1,3,3,3,1,2,6,10
327,4,0,10,0,0,0,0, ,1946,2,1,__NA__,2,3,4,5,__NA__,5,99,55,1,1,1,3,1,2,6,1
328,5,0,10,0,0,0,0, ,1949,1,1,__NA__,2,1,4,1,__NA__,1,99,42,1,2,6,3,1,2,6,2
329,3,2,2,2,2,2,0, ,1968,1,2,__NA__,2,1,4,1,__NA__,3,99,17,1,1,2,2,3,1,5,1
330,5,0,10,0,0,0,0, ,1968,2,1,__NA__,5,3,4,1,__NA__,6,99,2,1,1,1,2,1,2,6,10
331,5,0,9,0,0,1,0, ,1960,2,1,__NA__,2,1,4,1,__NA__,6,99,20,1,2,7,4,1,2,5,2
332,5,0,10,0,0,0,0, ,1945,2,1,__NA__,4,3,4,5,__NA__,5,99,6,1,3,4,3,1,2,6,12
333,4,0,10,0,0,0,0, ,1981,1,1,__NA__,3,5,4,4,__NA__,4,99,6,1,2,7,4,1,2,5,2
334,5,5,5,0,0,0,0, ,1992,1,6,__NA__,5,5,4,8,__NA__,97,99,51,1,1,2,2,1,2,5,1
335,3,10,0,0,0,0,0, ,1950,2,2,__NA__,2,5,4,6,__NA__,2,99,17,1,1,1,3,3,2,7,1
336,5,0,8,0,0,0,2,eurasian,1947,1,1,__NA__,3,1,4,5,__NA__,7,99,45,1,3,4,4,1,2,5,2
337,5,0,10,0,0,0,0, ,1975,1,1,__NA__,1,1,4,1,__NA__,5,99,42,1,2,7,5,1,1,2,1
338,5,0,10,0,0,0,0, ,1945,2,1,__NA__,2,1,4,5,__NA__,4,99,36,1,2,7,5,1,1,5,1
339,4,2,2,2,2,2,0, ,1942,1,1,__NA__,2,1,4,5,__NA__,6,99,41,1,3,5,3,2,2,5,11
340,1,3,5,2,0,0,0, ,1943,2,2,__NA__,3,4,4,5,__NA__,4,99,13,1,1,1,1,1,1,1,1
341,3,3,2,1,2,2,0, ,1951,1,2,__NA__,1,1,4,7,__NA__,4,99,12,1,1,1,3,2,1,1,1
342,5,0,8,2,0,0,0, ,1943,2,1,__NA__,2,3,4,5,__NA__,2,99,36,2,1,7,4,1,2,6,2
343,5,0,10,0,0,0,0, ,1956,2,1,__NA__,5,5,4,1,__NA__,97,99,39,1,2,7,4,1,2,2,2
344,5,0,10,0,0,0,0, ,1939,2,1,__NA__,2,3,4,5,__NA__,2,99,29,1,3,4,4,1,2,6,11
345,5,0,10,0,0,0,0, ,1954,2,1,__NA__,2,3,4,5,__NA__,4,99,55,1,1,1,3,1,2,3,2
346,5,1,5,0,2,2,0, ,1936,1,1,__NA__,3,1,4,5,__NA__,3,99,6,1,4,4,3,1,2,5,10
347,4,2,2,2,2,2,0, ,1963,2,1,__NA__,2,2,4,7,__NA__,1,99,39,1,2,7,3,3,2,6,11
348,4,0,5,3,0,0,2,Unknown,1974,1,6,__NA__,4,1,4,8,__NA__,11,99,49,1,3,3,2,1,2,6,12
349,5,0,10,0,0,0,0, ,1985,2,1,__NA__,5,1,4,1,__NA__,10,99,19,1,3,5,3,2,2,4,2
350,5,0,10,0,0,0,0, ,1950,2,1,__NA__,3,5,4,1,__NA__,6,99,36,1,2,6,4,1,2,5,2
351,5,0,10,0,0,0,0, ,1954,1,1,__NA__,5,3,4,1,__NA__,8,99,42,1,3,4,1,1,2,6,9
352,5,0,10,0,0,0,0, ,1961,2,1,__NA__,6,1,4,1,__NA__,10,99,12,1,2,7,5,1,1,3,1
353,5,0,10,0,0,0,0, ,1943,1,1,__NA__,2,1,4,5,__NA__,7,99,36,1,3,2,4,2,2,2,2
354,5,1,1,1,1,1,5, ,1990,2,2,__NA__,2,5,4,4,__NA__,3,99,36,2,3,2,4,3,2,4,11
355,4,0,10,0,0,0,0, ,1966,2,1,__NA__,3,1,4,7,__NA__,6,99,24,1,3,4,3,2,2,6,9
356,5,0,10,0,0,0,0, ,1955,1,1,__NA__,6,1,4,2,__NA__,3,99,6,1,3,5,4,1,1,1,1
357,5,0,10,0,0,0,0, ,1953,1,1,__NA__,6,1,4,1,__NA__,12,99,51,1,1,1,3,1,2,6,1
358,5,1,7,0,0,2,0, ,1951,2,6,__NA__,5,5,4,1,__NA__,2,99,12,1,3,4,3,2,2,6,9
359,5,0,10,0,0,0,0,MIXED,1951,1,1,__NA__,5,5,4,5,__NA__,2,99,32,1,3,3,2,1,2,6,11
360,4,0,10,0,0,0,0, ,1978,2,1,__NA__,5,5,4,2,__NA__,2,99,31,1,2,7,4,2,1,2,1
361,5,0,10,0,0,0,0, ,1949,1,1,__NA__,1,1,4,5,__NA__,3,99,16,1,1,1,2,2,2,6,10
362,5,0,10,0,0,0,0, ,1957,1,1,__NA__,2,1,4,1,__NA__,4,99,37,2,1,1,3,1,1,6,1
363,5,10,0,0,0,0,0, ,1981,1,1,__NA__,2,5,4,4,__NA__,1,99,39,1,1,1,4,3,1,5,1
364,4,0,10,0,0,0,0, ,1971,1,1,__NA__,5,4,4,1,__NA__,97,99,37,1,3,4,6,1,2,5,11
365,4,0,10,0,0,0,0, ,1943,2,1,__NA__,4,3,4,5,__NA__,3,99,37,1,3,5,3,1,1,5,1
366,5,0,10,0,0,0,0, ,1956,2,1,__NA__,4,1,4,5,__NA__,13,99,48,1,2,7,4,1,2,5,1
367,5,0,7,0,0,3,0, ,1960,2,1,__NA__,2,1,4,7,__NA__,6,99,12,1,1,1,1,1,2,5,10
368,3,0,0,0,0,0,10,anerican,1962,2,7,__NA__,2,5,4,4,__NA__,1,99,10,1,2,7,3,2,2,5,11
369,4,0,10,0,0,0,0, ,1962,2,1,__NA__,1,4,4,7,__NA__,3,99,48,1,2,6,4,2,2,5,2
370,4,10,0,0,0,0,0, ,1947,2,2,__NA__,2,1,4,5,__NA__,7,99,39,1,1,1,3,2,1,3,1
371,4,0,9,0,0,1,0, ,1958,1,1,__NA__,3,1,4,1,__NA__,11,99,48,1,2,7,5,1,1,2,1
372,5,0,9,0,0,1,0, ,1954,1,1,__NA__,5,1,4,1,__NA__,12,99,47,1,3,5,4,1,1,3,1
373,5,0,10,0,0,0,0, ,1958,2,1,__NA__,3,1,4,5,__NA__,31,99,48,1,2,7,5,1,2,1,2
374,5,0,1,4,3,2,0, ,1965,1,1,__NA__,2,6,4,2,__NA__,1,99,55,1,1,1,2,7,2,6,11
375,3,10,0,0,0,0,0, ,1955,2,2,__NA__,5,5,4,2,__NA__,6,99,13,1,1,1,3,2,1,3,1
376,5,0,10,0,0,0,0, ,1947,2,1,__NA__,5,1,4,2,__NA__,5,99,26,1,2,7,4,1,2,6,1
377,5,0,9,0,0,1,0, ,1993,1,1,__NA__,3,1,4,1,__NA__,2,99,51,1,3,5,5,1,1,1,1
378,5,0,10,0,0,0,0, ,1950,2,1,__NA__,1,4,4,5,__NA__,1,99,54,1,2,7,5,3,1,5,1
379,4,0,10,0,0,0,0, ,1967,1,1,__NA__,6,1,4,1,__NA__,13,99,55,1,3,5,5,1,2,2,2
380,4,0,5,0,0,5,0, ,1974,1,1,__NA__,3,5,4,6,__NA__,2,99,37,1,3,4,4,1,1,5,1
381,2,2,5,1,1,1,0, ,1965,2,2,__NA__,4,1,4,6,__NA__,2,99,28,1,1,1,4,1,1,5,1
382,1,0,0,0,10,0,0, ,1992,1,4,__NA__,3,5,4,8,__NA__,11,99,25,1,1,1,1,1,2,6,11
383,3,10,0,0,0,0,0, ,1982,2,2,__NA__,2,5,4,2,__NA__,97,99,26,1,3,3,3,2,2,6,10
384,1,2,2,2,2,2,0, ,1957,2,2,__NA__,6,4,4,1,__NA__,11,99,36,1,1,1,1,1,2,3,1
385,5,0,10,0,0,0,0, ,1954,1,1,__NA__,2,3,4,5,__NA__,2,99,42,1,2,6,3,1,2,6,11
386,5,0,10,0,0,0,0, ,1964,1,1,__NA__,2,3,4,4,__NA__,2,99,55,1,2,6,3,1,2,6,11
387,5,0,9,0,0,0,1, ,1988,2,1,__NA__,6,1,4,4,__NA__,97,99,42,1,3,8,6,7,2,4,12
388,5,0,10,0,0,0,0, ,1982,1,1,__NA__,4,5,4,4,__NA__,2,99,51,1,3,3,3,1,2,6,9
389,5,0,10,0,0,0,0, ,1973,2,1,__NA__,2,1,4,6,__NA__,1,99,1,1,2,7,5,2,1,1,1
390,4,6,1,2,0,1,0, ,1952,1,2,__NA__,4,1,4,1,__NA__,9,99,26,1,3,4,3,1,2,3,11
391,5,0,10,0,0,0,0, ,1957,2,1,__NA__,2,1,4,1,__NA__,5,99,39,1,1,1,3,2,2,5,1
392,3,10,0,0,0,0,0,0,1975,1,2,__NA__,4,1,4,7,__NA__,5,99,13,1,1,1,3,3,1,1,1
393,4,0,10,0,0,0,0, ,1984,2,1,__NA__,5,5,4,1,__NA__,7,99,37,1,1,8,6,7,2,4,2
394,4,0,5,0,0,5,0, ,1982,1,1,__NA__,2,5,4,1,__NA__,4,99,18,1,2,7,5,1,1,5,1
395,4,0,10,0,0,0,0, ,1952,1,1,__NA__,3,5,4,2,__NA__,10,99,6,1,4,3,4,1,1,4,1
396,3,2,1,2,2,2,1, ,1945,1,1,__NA__,1,1,4,5,__NA__,97,99,25,1,3,4,4,1,2,5,2
397,1,0,0,0,0,0,10,This is a bias poll,1956,1,7,__NA__,2,1,4,1,__NA__,97,99,4,1,4,4,4,1,1,5,12
398,5,0,10,0,0,0,0, ,1980,2,1,__NA__,3,6,4,7,__NA__,5,99,13,1,1,2,2,2,2,5,5
399,4,0,10,0,0,0,0, ,1973,2,1,__NA__,4,1,4,1,__NA__,9,99,51,1,3,4,4,3,1,5,11
400,4,0,9,0,0,1,0, ,1974,1,1,__NA__,2,1,4,1,__NA__,10,99,1,1,3,5,4,1,1,4,1
401,3,7,0,0,0,3,0, ,1949,2,2,__NA__,5,3,4,5,__NA__,2,99,29,1,1,1,4,1,1,3,1
402,5,0,10,0,0,0,0, ,1945,1,1,__NA__,1,1,4,5,__NA__,5,99,48,1,2,7,4,1,2,6,2
403,4,9,1,0,0,0,0, ,1957,2,2,__NA__,2,1,4,4,__NA__,3,99,36,1,1,1,2,2,2,5,11
404,5,2,6,2,0,0,0, ,1940,2,1,__NA__,2,1,4,5,__NA__,3,99,42,1,3,5,4,1,1,4,2
405,5,0,5,0,5,0,0, ,1988,1,6,__NA__,2,5,4,1,__NA__,5,99,42,1,1,1,2,4,2,4,2
406,4,7,0,0,0,3,0, ,1945,1,2,__NA__,3,1,4,5,__NA__,97,99,37,1,1,1,2,1,2,6,10
407,5,0,10,0,0,0,0, ,1954,2,1,__NA__,2,1,4,7,__NA__,7,99,42,1,2,7,4,1,2,6,11
408,4,8,0,0,0,2,0, ,1975,2,2,__NA__,3,1,4,7,__NA__,8,99,28,1,1,2,3,3,2,1,1
409,4,0,10,0,0,0,0, ,1961,1,1,__NA__,5,1,4,1,__NA__,8,99,42,1,3,5,4,1,2,5,2
410,2,0,6,0,0,0,4,European,1961,2,1,__NA__,2,1,4,6,__NA__,9,99,10,1,3,4,4,1,1,2,1
411,5,0,10,0,0,0,0, ,1960,2,1,__NA__,6,1,4,1,__NA__,10,99,19,1,1,2,2,1,1,5,1
412,5,0,5,5,0,0,0, ,1947,1,3,__NA__,6,1,4,5,__NA__,13,99,48,1,3,5,4,1,2,5,2
413,5,0,10,0,0,0,0, ,1953,2,1,__NA__,6,1,4,1,__NA__,11,99,6,1,3,5,3,1,2,6,9
414,5,1,2,3,2,2,0, ,1950,1,1,__NA__,3,1,4,5,__NA__,8,99,1,1,2,7,4,1,1,3,1
415,5,0,10,0,0,0,0, ,1980,2,1,__NA__,6,6,4,1,__NA__,4,99,25,1,1,3,2,1,2,6,11
416,5,1,5,3,1,0,0, ,1955,2,1,__NA__,2,1,4,5,__NA__,3,99,39,1,1,1,2,1,2,5,1
417,3,0,0,0,10,0,0, ,1942,2,1,__NA__,1,1,4,5,__NA__,4,99,51,2,2,6,3,3,1,5,1
418,3,1,3,1,3,2,0, ,1927,1,1,__NA__,5,1,4,5,__NA__,9,99,5,1,2,7,5,1,1,2,1
419,4,0,8,1,0,1,0, ,1950,1,1,__NA__,5,3,4,2,__NA__,4,99,55,1,3,7,5,1,1,2,1
420,4,0,5,5,0,0,0, ,1957,2,6,__NA__,3,1,4,1,__NA__,97,99,22,1,3,4,5,1,2,4,2
421,5,0,10,0,0,0,0, ,1952,1,1,__NA__,3,1,4,5,__NA__,10,99,38,1,3,4,3,2,2,6,2
422,1,10,0,0,0,0,0, ,1975,1,2,__NA__,4,5,4,1,__NA__,5,99,36,1,1,2,3,2,2,2,11
423,5,0,0,0,10,0,0, ,1980,2,4,__NA__,5,5,4,2,__NA__,15,99,6,3,3,4,6,3,1,2,1
424,5,2,2,2,2,2,0, ,1946,1,1,__NA__,2,3,4,5,__NA__,3,99,55,1,2,6,4,1,2,6,10
425,5,2,2,2,2,2,0, ,1945,1,1,__NA__,2,1,4,5,__NA__,5,99,34,1,3,4,3,2,2,4,2
426,5,0,10,0,0,0,0, ,1954,1,1,__NA__,3,5,4,4,__NA__,97,99,8,1,3,3,2,1,2,6,9
427,5,0,9,0,0,1,0, ,1956,2,1,__NA__,5,5,4,5,__NA__,5,99,13,1,3,3,3,1,2,6,9
428,5,0,7,0,0,1,2,European,1958,2,1,__NA__,2,1,4,1,__NA__,9,99,16,1,2,6,4,1,2,2,3
429,5,2,4,2,1,1,0, ,1957,1,1,__NA__,2,5,4,6,__NA__,1,99,6,1,3,2,3,3,2,6,11
430,5,2,3,2,1,2,0, ,1956,1,1,__NA__,2,5,4,6,__NA__,3,99,23,1,3,3,4,3,2,5,2
431,5,-8,-8,-8,-8,-8,-8, ,1948,2,1,__NA__,2,1,4,5,__NA__,97,99,55,1,3,5,4,1,2,8,98
432,4,1,6,1,1,1,0, ,1953,2,2,__NA__,4,1,4,5,__NA__,10,99,24,1,1,1,4,2,1,2,1
433,4,0,10,0,0,0,0, ,1954,1,1,__NA__,5,1,4,1,__NA__,9,99,42,1,3,5,3,1,1,2,1
434,5,0,10,0,0,0,0, ,1951,2,1,__NA__,5,5,4,5,__NA__,4,99,6,1,1,1,1,1,2,6,9
435,5,0,10,0,0,0,0, ,1960,2,1,__NA__,3,4,4,9,__NA__,97,99,4,1,2,6,3,3,2,6,11
436,4,0,10,0,0,0,0, ,1959,2,1,__NA__,2,1,4,7,__NA__,10,99,36,1,2,6,4,1,1,2,1
437,4,0,10,0,0,0,0, ,1953,2,1,__NA__,2,1,4,2,__NA__,5,99,39,1,2,7,5,3,1,6,11
438,4,1,3,4,0,2,0, ,1950,2,3,__NA__,5,3,3,2,__NA__,5,99,25,1,1,2,6,1,2,5,10
439,4,0,10,0,0,0,0,0,1937,1,1,__NA__,4,3,4,5,__NA__,9,99,47,1,2,6,4,1,2,5,2
440,4,0,7,2,0,1,0, ,1964,1,1,__NA__,4,1,4,1,__NA__,10,99,22,1,2,7,5,1,1,5,11
441,5,0,10,0,0,0,0, ,1961,2,1,__NA__,2,1,4,2,__NA__,5,99,18,1,2,6,4,2,1,2,1
442,5,3,1,2,2,2,0, ,1953,1,1,__NA__,6,1,4,1,__NA__,14,99,34,1,3,3,1,1,2,6,10
443,5,0,10,0,0,0,0, ,1956,2,1,__NA__,2,3,4,2,__NA__,3,99,55,1,3,4,4,4,2,6,2
444,4,0,10,0,0,0,0, ,1953,1,1,__NA__,5,6,4,9,__NA__,3,99,36,1,3,4,3,1,2,6,10
445,4,0,10,0,0,0,0, ,1964,2,1,__NA__,6,1,4,1,__NA__,8,99,6,1,2,6,3,1,1,1,1
446,3,2,2,4,0,2,0, ,1976,1,3,__NA__,3,1,3,1,__NA__,6,99,29,1,1,1,1,1,2,6,9
447,5,0,10,0,0,0,0, ,1942,1,1,__NA__,2,1,4,5,__NA__,2,99,8,1,3,5,4,1,1,5,1
448,5,0,10,0,0,0,0, ,1961,2,1,__NA__,5,2,4,6,__NA__,1,99,36,1,1,1,3,3,2,3,5
449,5,4,0,2,2,2,0, ,1952,1,1,__NA__,1,5,4,5,__NA__,1,99,48,1,4,5,5,1,1,6,1
450,4,0,10,0,0,0,0, ,1956,2,1,__NA__,3,3,4,1,__NA__,6,99,37,1,3,8,3,3,2,5,1
451,5,0,10,0,0,0,0, ,1968,1,1,__NA__,3,1,4,1,__NA__,9,99,48,1,2,7,4,1,1,2,1
452,5,0,10,0,0,0,0, ,1972,1,1,__NA__,2,1,4,1,__NA__,8,99,12,1,2,6,5,1,1,1,3
453,5,0,10,0,0,0,0, ,1965,2,1,__NA__,5,3,4,1,__NA__,5,99,12,1,1,1,2,3,2,6,5
454,5,0,10,0,0,0,0, ,1958,2,1,__NA__,1,1,4,1,__NA__,10,99,26,1,4,3,2,1,2,3,5
455,4,0,6,0,0,4,0, ,1960,2,6,__NA__,2,4,4,1,__NA__,2,99,20,2,3,4,3,1,1,5,11
456,5,2,2,2,2,2,0, ,1989,1,1,__NA__,5,5,4,1,__NA__,97,99,9,1,1,2,2,1,2,5,10
457,4,0,9,1,0,0,0, ,1950,1,1,__NA__,5,1,4,5,__NA__,10,99,12,1,3,5,4,1,1,5,1
458,4,2,2,2,2,2,0, ,1967,2,3,__NA__,5,5,3,7,__NA__,97,99,18,1,1,2,6,2,1,3,2
459,3,2,2,2,2,1,1,italian american,1944,2,1,__NA__,2,1,4,5,__NA__,7,99,12,1,1,1,3,1,2,2,2
460,5,0,6,0,0,3,1,hines 57,1949,1,1,__NA__,3,1,4,5,__NA__,8,99,12,1,3,4,3,2,2,5,11
461,5,0,8,0,2,0,0, ,1980,2,1,__NA__,5,1,4,1,__NA__,9,99,27,1,1,2,3,2,1,2,1
462,5,0,10,0,0,0,0,0,1966,2,1,__NA__,2,5,4,4,__NA__,4,99,37,2,1,2,2,2,2,5,11
463,4,0,9,0,0,1,0, ,1980,1,1,__NA__,2,1,4,6,__NA__,97,99,17,1,1,1,3,1,2,6,11
464,1,1,1,2,1,2,3,fdnmndfmd,1989,1,2,__NA__,2,5,4,2,__NA__,8,99,21,1,2,1,5,1,2,4,1
465,5,0,10,0,0,0,0, ,1970,1,1,__NA__,5,5,4,1,__NA__,4,99,21,1,2,7,5,1,1,4,1
466,5,0,10,0,0,0,0, ,1945,1,1,__NA__,3,5,4,5,__NA__,2,99,41,1,1,1,2,1,1,2,1
467,5,0,0,0,0,1,9,Jewish,1990,2,1,__NA__,2,5,4,2,__NA__,2,99,39,1,3,4,3,1,2,6,5
468,5,0,7,0,3,0,0, ,1946,1,7,__NA__,5,1,4,5,__NA__,9,99,42,1,4,4,5,1,1,2,1
469,2,5,2,0,0,2,1, ,1961,1,2,__NA__,2,1,4,6,__NA__,11,99,24,1,1,1,3,1,2,5,1
470,1,2,2,2,2,2,0, ,1984,2,2,__NA__,4,5,4,1,__NA__,97,99,45,1,3,8,3,1,2,3,7
471,4,0,10,0,0,0,0, ,1994,1,1,__NA__,3,5,4,8,__NA__,4,99,27,1,3,5,5,2,1,1,1
472,5,2,2,2,2,2,0, ,1938,2,1,__NA__,2,4,4,5,__NA__,97,99,18,1,2,7,6,1,2,1,2
473,5,0,10,0,0,0,0, ,1971,2,1,__NA__,3,5,4,1,__NA__,3,99,1,1,2,6,3,1,1,4,1
474,5,0,10,0,0,0,0, ,1986,2,1,__NA__,2,1,4,7,__NA__,5,99,41,1,2,6,5,2,1,3,1
475,5,0,10,0,0,0,0, ,1951,1,1,__NA__,4,4,4,5,__NA__,3,99,39,1,1,1,3,1,2,3,3
476,4,0,0,0,10,0,0, ,1983,2,4,__NA__,6,5,4,6,__NA__,4,99,48,1,2,7,5,1,1,1,1
477,5,0,8,0,0,2,0, ,1942,2,1,__NA__,1,3,4,5,__NA__,97,99,48,1,2,7,5,1,2,6,1
478,5,10,0,0,0,0,0, ,1961,2,2,__NA__,2,3,4,1,__NA__,9,99,24,1,1,1,1,3,1,1,1
479,5,2,2,2,2,2,0, ,1945,2,1,__NA__,3,4,4,5,__NA__,2,99,12,1,3,5,4,1,2,5,1
480,3,10,0,0,0,0,0, ,1974,1,2,__NA__,2,5,4,4,__NA__,2,99,17,3,1,2,2,2,2,3,1
481,5,3,2,2,2,1,0, ,1952,1,1,__NA__,3,1,4,1,__NA__,10,99,10,1,1,1,2,1,2,2,1
482,4,0,10,0,0,0,0, ,1977,2,1,__NA__,2,5,4,2,__NA__,16,99,21,1,3,8,2,7,1,1,5
483,5,0,10,0,0,0,0, ,1941,2,1,__NA__,2,4,4,5,__NA__,97,99,47,1,1,1,1,1,2,6,11
484,5,0,0,0,0,0,10, ,1974,1,6,__NA__,4,1,4,1,__NA__,6,99,54,1,3,4,6,7,2,6,11
485,5,0,5,0,0,5,0, ,1968,2,1,__NA__,3,4,4,1,__NA__,3,99,40,1,1,1,4,2,1,2,1
486,4,0,4,6,0,0,0, ,1957,1,3,__NA__,2,1,4,1,__NA__,12,99,32,1,2,6,4,1,2,5,2
487,4,8,2,0,0,0,0, ,1959,2,2,__NA__,5,3,4,5,__NA__,5,99,47,1,1,2,3,3,1,2,1
488,5,0,9,0,0,1,0, ,1955,2,1,__NA__,2,4,4,6,__NA__,2,99,48,1,2,6,4,2,1,1,1
489,5,-8,-8,-8,-8,-8,-8, ,1949,1,1,__NA__,2,3,4,2,__NA__,3,99,39,1,1,1,2,1,2,6,10
490,5,0,10,0,0,0,0, ,1962,1,5,__NA__,5,3,4,1,__NA__,10,99,51,1,3,5,5,1,1,3,1
491,5,0,10,0,0,0,0, ,1951,1,1,__NA__,2,1,4,5,__NA__,6,99,12,1,1,1,3,1,2,2,2
492,5,2,2,2,2,2,0, ,1953,2,1,__NA__,3,1,4,2,__NA__,8,99,27,1,2,6,4,3,2,4,5
493,4,0,0,0,10,0,0, ,1959,2,4,__NA__,3,1,4,5,__NA__,97,99,13,1,2,6,3,2,1,5,2
494,4,6,4,0,0,0,0, ,1973,2,2,__NA__,3,5,4,2,__NA__,1,99,12,2,1,2,3,2,1,2,1
495,3,0,10,0,0,0,0, ,1945,2,1,__NA__,2,3,4,5,__NA__,2,99,42,1,1,2,3,2,1,2,1
496,5,0,10,0,0,0,0, ,1959,2,1,__NA__,6,3,4,1,__NA__,6,99,40,1,2,7,3,3,1,2,1
497,5,1,9,0,0,0,0, ,1985,2,1,__NA__,5,6,4,6,__NA__,5,99,35,1,1,1,1,1,2,6,11
498,5,0,10,0,0,0,0, ,1938,2,1,__NA__,2,1,4,5,__NA__,6,99,17,1,1,1,1,1,2,5,1
499,1,10,0,0,0,0,0, ,1958,1,2,__NA__,5,1,4,1,__NA__,9,99,48,1,3,5,3,1,1,1,2
500,5,0,10,0,0,0,0, ,1956,2,1,__NA__,5,1,4,1,__NA__,4,99,39,1,1,1,1,1,2,6,1
501,5,0,10,0,0,0,0, ,1982,2,1,__NA__,4,1,4,1,__NA__,9,99,21,2,1,2,3,4,2,4,11
502,5,0,0,0,0,0,10,BLACK,1977,2,2,__NA__,4,1,4,1,__NA__,8,99,37,1,1,1,3,2,2,5,1
503,4,2,3,2,2,1,0, ,1960,1,5,__NA__,4,1,4,5,__NA__,7,99,6,1,1,1,1,2,2,5,2
504,4,0,10,0,0,0,0, ,1964,2,1,__NA__,5,5,4,1,__NA__,2,99,12,1,4,5,5,1,1,2,1
505,5,0,0,1,0,0,9,Jewish,1938,2,3,__NA__,3,4,2,2,__NA__,4,99,48,1,2,6,3,2,2,2,5
506,4,-8,-8,-8,-8,-8,-8, ,1949,1,2,__NA__,6,3,4,5,__NA__,11,99,37,1,1,1,3,1,1,4,1
507,4,2,2,2,1,2,1, ,1962,2,1,__NA__,2,5,4,1,__NA__,2,99,39,2,2,6,3,1,2,4,1
508,2,10,0,0,0,0,0, ,1980,1,2,__NA__,1,5,4,2,__NA__,2,99,36,1,1,2,2,2,2,5,7
509,4,0,0,0,0,10,0, ,1974,2,5,__NA__,2,1,4,2,__NA__,5,99,26,1,3,4,4,3,2,6,11
510,5,0,8,0,0,0,2,Eastern European,1948,1,1,__NA__,2,1,4,5,__NA__,4,99,12,1,2,6,4,1,2,5,1
511,2,5,1,8,0,0,1,0, ,1946,2,1,__NA__,2,3,4,5,__NA__,2,99,55,1,4,5,5,1,1,5
512,5,0,10,0,0,0,0, ,1933,2,1,__NA__,2,5,4,5,__NA__,2,99,47,1,1,2,4,1,1,1,1
513,5,0,0,0,0,0,10,human,1959,1,1,__NA__,3,3,4,1,__NA__,1,99,32,2,4,4,6,2,2,6,11
514,5,0,5,0,0,5,0, ,1949,1,1,__NA__,2,1,4,1,__NA__,97,99,48,1,2,7,5,2,1,1,1
515,5,0,8,0,0,2,0, ,1964,1,1,__NA__,4,1,4,4,__NA__,1,99,4,1,4,4,5,1,2,2,3
516,5,0,10,0,0,0,0, ,1959,1,1,__NA__,2,1,4,1,__NA__,9,99,13,1,2,6,4,1,2,4,1
517,5,0,10,0,0,0,0, ,1952,1,1,__NA__,2,4,4,6,__NA__,4,99,18,1,2,7,5,3,1,5,1
518,5,0,10,0,0,0,0, ,1954,1,1,__NA__,6,4,4,1,__NA__,13,99,39,1,1,1,1,1,2,4,2
519,4,1,2,2,2,2,1,8,1953,2,1,__NA__,2,3,4,2,__NA__,2,99,6,1,4,2,3,1,2,6,11
520,3,2,2,2,2,2,0,na,1959,1,1,__NA__,3,1,4,1,__NA__,5,99,53,1,1,1,4,3,2,6,9
521,4,0,10,0,0,0,0, ,1942,2,1,__NA__,6,1,4,5,__NA__,10,99,12,1,2,6,4,1,2,2,2
522,4,2,7,0,0,1,0, ,1953,1,1,__NA__,3,1,4,1,__NA__,6,99,51,1,3,4,5,1,1,1,1
523,5,2,2,2,2,2,0, ,1955,1,1,__NA__,2,1,4,6,__NA__,97,99,1,1,1,1,2,1,1,6,1
524,4,0,8,0,0,2,0, ,1953,1,1,__NA__,2,6,4,6,__NA__,8,99,42,1,3,4,5,1,1,5,1
525,5,0,10,0,0,0,0, ,1940,2,1,__NA__,1,1,4,5,__NA__,3,99,12,1,1,1,1,1,2,5,1
526,4,10,0,0,0,0,0, ,1963,2,2,__NA__,5,1,4,1,__NA__,8,99,12,1,1,2,2,2,2,2,11
527,2,0,1,0,9,0,0, ,1968,2,4,__NA__,5,1,4,1,__NA__,10,99,4,1,4,4,5,1,1,1,1
528,5,0,7,0,0,3,0, ,1983,2,1,__NA__,4,6,4,1,__NA__,1,99,25,1,1,1,1,3,2,6,12
529,5,0,10,0,0,0,0, ,1946,2,1,__NA__,2,4,4,5,__NA__,3,99,29,1,1,1,2,1,2,5,1
530,5,0,0,0,10,0,0, ,1949,2,4,__NA__,5,1,4,5,__NA__,10,99,6,1,3,6,3,2,2,2,2
531,4,0,10,0,0,0,0, ,1964,2,1,__NA__,5,1,4,2,__NA__,12,99,4,1,2,7,4,1,2,4,1
532,5,0,10,0,0,0,0, ,1945,1,1,__NA__,3,3,4,1,__NA__,7,99,4,1,4,4,3,3,2,6,11
533,5,0,8,0,0,2,0, ,1936,2,1,__NA__,2,4,4,6,__NA__,3,99,36,1,3,4,4,1,2,5,12
534,5,0,5,5,0,0,0, ,1972,2,1,__NA__,2,3,4,4,__NA__,97,99,24,1,1,1,3,3,2,6,1
535,3,0,10,0,0,0,0, ,1988,1,1,__NA__,2,5,4,1,__NA__,4,99,47,2,3,8,2,2,2,2,10
536,5,0,10,0,0,0,0, ,1975,2,1,__NA__,6,3,4,1,__NA__,14,99,8,1,2,7,5,1,1,2,1
537,5,0,10,0,0,0,0, ,1938,1,1,__NA__,2,1,4,5,__NA__,6,99,27,1,1,1,2,1,2,6,11
538,5,0,0,10,0,0,0, ,1965,2,3,__NA__,1,3,3,4,__NA__,1,99,34,3,1,1,4,3,1,1,1
539,4,10,0,0,0,0,0, ,1979,1,2,__NA__,6,2,4,8,__NA__,2,99,17,1,3,3,3,3,2,1,6
540,4,2,3,1,4,0,0, ,1990,1,3,__NA__,2,1,2,1,__NA__,2,99,6,1,3,4,6,2,2,3,11
541,4,-8,-8,-8,-8,-8,-8, ,1934,1,1,__NA__,2,1,4,5,__NA__,3,99,24,1,3,5,4,2,2,6,11
542,5,0,10,0,0,0,0, ,1960,2,1,__NA__,3,1,4,5,__NA__,4,99,45,1,1,1,1,1,2,6,9
543,5,2,4,2,1,1,0, ,1955,2,2,__NA__,2,3,4,5,__NA__,8,99,13,1,1,1,2,3,2,5,11
544,5,0,10,0,0,0,0, ,1954,1,1,__NA__,6,1,4,1,__NA__,11,99,36,1,4,5,3,1,2,6,2
545,4,0,10,0,0,0,0, ,1948,2,1,__NA__,2,1,4,5,__NA__,9,99,13,2,3,4,4,2,2,6,1
546,5,0,10,0,0,0,0,0,1956,1,1,__NA__,5,3,4,5,__NA__,6,99,27,1,1,1,2,1,2,6,11
547,4,0,10,0,0,0,0, ,1962,2,1,__NA__,2,1,4,1,__NA__,8,99,55,1,1,8,3,2,2,5,2
548,4,0,10,0,0,0,0, ,1974,1,1,__NA__,2,5,4,1,__NA__,6,99,4,1,3,4,3,2,2,6,10
549,5,0,10,0,0,0,0, ,1963,2,1,__NA__,3,5,4,6,__NA__,5,99,39,1,1,1,3,2,2,6,11
550,5,2,4,1,1,2,0, ,1948,1,1,__NA__,2,1,4,5,__NA__,6,99,36,1,3,5,3,2,1,2,1
551,4,0,9,0,0,1,0, ,1992,2,1,__NA__,3,5,4,1,__NA__,4,99,29,1,1,1,2,1,2,5,9
552,5,0,10,0,0,0,0, ,1959,1,1,__NA__,2,5,4,2,__NA__,2,99,17,1,1,2,4,4,2,5,5
553,99,5,0,8,1,0,0,1,Jewish,1992,1,1,__NA__,3,5,4,8,__NA__,10,99,39,1,4,5,3,2,2,4
554,5,0,10,0,0,0,0, ,1955,1,1,__NA__,5,5,4,2,__NA__,5,99,49,1,1,1,2,1,2,6,10
555,3,10,0,0,0,0,0, ,1952,1,2,__NA__,2,2,4,6,__NA__,2,99,26,1,1,1,2,2,1,6,11
556,5,0,10,0,0,0,0, ,1953,1,1,__NA__,1,3,4,6,__NA__,2,99,29,1,2,7,5,1,1,6,12
557,5,0,10,0,0,0,0, ,1958,2,1,__NA__,2,1,4,7,__NA__,97,99,48,1,4,8,3,1,1,5,1
558,5,0,10,0,0,0,0, ,1955,2,1,__NA__,2,3,4,6,__NA__,2,99,36,1,2,7,3,2,2,4,1
559,3,10,0,0,0,0,0, ,1983,1,2,__NA__,5,5,4,1,__NA__,7,99,22,1,1,1,1,1,1,4,1
560,5,2,3,2,2,1,0, ,1991,2,1,__NA__,5,5,4,1,__NA__,12,99,24,1,3,7,2,1,2,4,5
561,5,0,10,0,0,0,0, ,1980,1,1,__NA__,6,5,4,1,__NA__,11,99,29,1,2,6,3,1,2,4,2
562,4,0,10,0,0,0,0, ,1982,1,1,__NA__,4,5,4,1,__NA__,5,99,24,1,1,1,2,1,2,2,12
563,5,0,10,0,0,0,0, ,1936,1,1,__NA__,2,5,4,2,__NA__,5,99,23,1,3,4,3,1,2,6,2
564,4,0,10,0,0,0,0, ,1930,1,1,__NA__,5,1,4,5,__NA__,97,99,42,1,4,4,3,2,2,6,9
565,5,0,6,4,0,0,0, ,1941,2,3,__NA__,6,1,3,5,__NA__,13,99,55,1,1,1,2,1,2,1,2
566,5,0,10,0,0,0,0, ,1956,2,1,__NA__,4,1,4,2,__NA__,6,99,4,1,3,3,3,2,2,4,1
567,5,0,5,0,0,5,0, ,1984,2,1,__NA__,2,6,4,7,__NA__,4,99,51,1,2,6,4,3,2,6,11
568,4,1,5,2,2,0,0, ,1979,1,1,__NA__,5,5,4,4,__NA__,3,99,34,1,3,3,3,4,2,5,2
569,1,10,0,0,0,0,0, ,1992,1,2,__NA__,2,5,4,4,__NA__,1,99,48,1,1,1,1,1,1,3,11
570,5,0,10,0,0,0,0, ,1945,1,1,__NA__,5,1,8,5,__NA__,9,99,6,1,2,7,4,1,2,6,1
571,4,2,2,2,2,2,0, ,1968,2,1,__NA__,2,1,4,7,__NA__,5,99,51,1,3,5,4,2,1,2,1
572,4,0,10,0,0,0,0, ,1977,1,1,__NA__,6,1,4,1,__NA__,4,99,39,1,2,7,4,3,2,4,2
573,3,2,2,2,2,2,0, ,1968,2,1,__NA__,2,2,4,6,__NA__,2,99,47,1,1,1,3,2,1,3,1
574,5,0,10,0,0,0,0, ,1993,1,1,__NA__,2,5,4,4,__NA__,6,99,56,1,3,5,3,3,2,6,1
575,4,10,0,0,0,0,0, ,1972,2,2,__NA__,2,3,4,6,__NA__,2,99,6,1,1,1,2,1,1,3,11
576,5,0,10,0,0,0,0, ,1972,2,1,__NA__,5,1,4,1,__NA__,6,99,51,1,3,3,2,1,2,6,9
577,5,0,10,0,0,0,0, ,1921,1,1,__NA__,1,4,4,5,__NA__,3,99,17,1,2,6,5,1,2,5,1
578,4,3,2,1,1,3,0, ,1964,2,1,__NA__,2,1,4,4,__NA__,9,99,36,2,1,2,3,3,2,5,2
579,5,1,2,1,3,2,1,italian,1940,2,7,__NA__,1,3,4,5,__NA__,2,99,53,1,3,4,3,1,1,6,12
580,3,0,0,10,0,0,0, ,1979,1,3,__NA__,3,5,4,2,__NA__,2,99,6,1,1,2,3,3,2,2,10
581,5,1,2,3,3,1,0, ,1989,1,1,__NA__,4,5,4,4,__NA__,3,99,42,1,1,1,1,1,2,6,11
582,5,0,10,0,0,0,0, ,1939,1,1,__NA__,6,1,4,5,__NA__,9,99,24,1,3,5,4,1,2,5,5
583,1,4,2,3,0,0,1, ,1972,1,7,__NA__,1,5,4,4,__NA__,1,99,27,1,4,4,6,1,1,2,1
584,2,2,2,0,0,6,0, ,1964,1,2,__NA__,2,1,4,1,__NA__,5,99,37,1,2,7,5,1,1,1,1
585,5,0,7,1,0,2,0, ,1972,2,1,__NA__,1,3,4,1,__NA__,2,99,26,1,3,2,6,3,2,6,11
586,5,0,10,0,0,0,0, ,1956,1,1,__NA__,5,1,4,1,__NA__,8,99,17,1,1,1,1,1,2,1,2
587,5,1,6,1,1,1,0, ,1946,2,1,__NA__,2,1,4,5,__NA__,8,99,39,1,1,1,2,1,2,6,9
588,5,0,10,0,0,0,0, ,1983,2,1,__NA__,3,5,4,2,__NA__,2,99,37,1,1,1,2,2,2,6,12
589,5,0,9,1,0,0,0, ,1991,1,1,__NA__,3,5,4,1,__NA__,97,99,36,1,3,4,3,1,2,6,12
590,1,-8,-8,-8,-8,-8,-8, ,1961,2,1,__NA__,1,3,4,9,__NA__,1,99,29,1,1,1,6,2,2,6,11
591,5,0,10,0,0,0,0, ,1975,2,1,__NA__,3,1,4,1,__NA__,3,99,49,1,3,5,3,2,2,6,11
592,3,0,10,0,0,0,0, ,1958,2,1,__NA__,2,1,4,1,__NA__,4,99,39,1,1,1,3,1,1,3,1
593,5,0,0,10,0,0,0, ,1963,1,3,__NA__,2,6,2,1,__NA__,9,99,37,2,3,4,3,1,2,5,10
594,5,0,10,0,0,0,0, ,1973,1,1,__NA__,2,5,4,6,__NA__,2,99,6,1,1,1,1,1,2,6,5
595,5,0,6,0,0,4,0, ,1956,2,1,__NA__,3,1,4,6,__NA__,4,99,6,1,3,5,5,1,1,6,1
596,3,2,2,2,2,2,0, ,1987,2,2,__NA__,2,5,4,4,__NA__,97,99,34,2,3,4,1,3,2,3,11
597,5,2,2,2,2,2,0, ,1986,2,1,__NA__,4,3,4,1,__NA__,2,99,22,1,2,6,3,4,2,2,1
598,5,0,10,0,0,0,0, ,1994,1,1,__NA__,3,5,4,8,__NA__,10,99,5,1,1,1,1,1,2,4,11
599,5,10,0,0,0,0,0, ,1956,1,2,__NA__,1,3,4,2,__NA__,3,99,37,1,1,1,3,3,2,4,1
600,4,0,0,10,0,0,0, ,1973,2,3,__NA__,3,3,2,1,__NA__,3,99,35,1,1,2,3,3,2,3,2
601,5,2,3,2,1,2,0, ,1950,2,1,__NA__,4,4,4,6,__NA__,2,99,55,1,1,2,3,2,2,3,1
602,5,0,10,0,0,0,0, ,1944,2,1,__NA__,5,4,4,2,__NA__,6,99,24,1,1,1,2,1,2,3,5
603,5,0,0,10,0,0,0, ,1961,2,3,__NA__,1,1,2,7,__NA__,6,99,48,1,2,6,5,2,2,6,1
604,3,7,2,1,0,0,0, ,1974,2,2,__NA__,5,1,4,1,__NA__,7,99,48,1,1,1,3,1,1,3,1
605,3,-8,-8,-8,-8,-8,-8, ,1955,2,2,__NA__,3,3,4,6,__NA__,1,99,24,1,3,4,3,2,1,2,1
606,5,0,10,0,0,0,0, ,1972,1,1,__NA__,2,1,4,1,__NA__,3,99,27,1,3,4,2,4,2,5,1
607,5,1,5,1,2,1,0,muslim,1971,1,1,__NA__,3,1,4,1,__NA__,8,99,44,1,1,1,3,2,2,6,2
608,5,0,10,0,0,0,0, ,1962,1,1,__NA__,2,2,4,1,__NA__,3,99,48,1,2,7,5,2,1,2,1
609,1,10,0,0,0,0,0, ,1978,1,2,__NA__,2,5,4,1,__NA__,2,99,45,1,1,1,5,1,1,2,2
610,1,5,5,0,0,0,0,na,1982,2,2,__NA__,2,5,4,1,__NA__,4,99,6,1,1,1,5,1,1,2,2
611,5,0,10,0,0,0,0, ,1955,2,1,__NA__,2,1,4,2,__NA__,15,99,36,1,2,6,3,1,2,6,2
612,5,0,0,10,0,0,0, ,1983,1,3,__NA__,2,5,2,4,__NA__,1,99,6,2,1,1,1,1,2,3,2
613,4,7,1,0,2,0,0, ,1992,2,2,__NA__,3,5,4,4,__NA__,5,99,17,1,1,1,1,2,2,6,9
614,3,1,2,2,1,2,2, ,1958,2,2,__NA__,1,5,4,5,__NA__,1,99,18,1,1,1,3,3,1,5,11
615,4,6,1,0,0,3,0, ,1954,2,2,__NA__,2,5,4,2,__NA__,1,99,5,1,1,1,6,3,1,2,1
616,5,0,9,0,0,1,0, ,1943,2,1,__NA__,1,4,4,5,__NA__,2,99,19,1,1,1,2,2,2,5,1
617,3,5,5,0,0,0,0, ,1954,1,1,__NA__,4,5,4,4,__NA__,2,99,32,1,3,8,3,3,2,6,2
618,5,1,5,1,1,2,0, ,1973,2,1,__NA__,3,3,4,1,__NA__,6,99,18,1,1,1,1,1,2,6,11
619,2,5,0,5,0,0,0, ,1987,2,2,__NA__,2,5,4,9,__NA__,97,99,13,2,3,8,3,3,1,7,11
620,5,0,10,0,0,0,0, ,1989,1,1,__NA__,2,5,4,7,__NA__,3,99,36,1,3,3,2,1,2,6,11
621,4,0,5,5,0,0,0, ,1975,1,6,__NA__,1,6,4,2,__NA__,3,99,6,3,3,4,6,1,2,3,2
622,5,0,10,0,0,0,0, ,1983,1,1,__NA__,5,5,4,2,__NA__,5,99,55,1,1,1,1,1,2,6,9
623,4,1,4,1,1,3,0, ,1939,2,1,__NA__,2,1,4,5,__NA__,5,99,55,1,2,6,4,2,2,2,2
624,4,1,1,0,8,0,0, ,1985,2,4,__NA__,3,5,4,2,__NA__,1,99,12,1,1,2,4,7,1,2,1
625,3,0,4,6,0,0,0, ,1965,2,3,__NA__,2,1,2,7,__NA__,4,99,6,2,3,8,6,7,2,6,2
626,5,2,2,2,2,2,0, ,1940,1,1,__NA__,2,1,4,5,__NA__,9,99,12,1,2,7,4,2,2,6,1
627,2,0,6,0,0,4,0, ,1978,1,1,__NA__,3,1,4,1,__NA__,5,99,37,1,3,4,3,1,1,2,1
628,3,0,10,0,0,0,0, ,1984,1,1,__NA__,2,5,4,4,__NA__,97,99,17,2,4,4,6,7,2,5,1
629,5,2,3,1,1,3,0, ,1949,2,1,__NA__,2,4,4,1,__NA__,3,99,41,1,3,4,4,4,2,5,11
630,3,8,0,0,0,2,0, ,1943,2,2,__NA__,2,5,4,5,__NA__,6,99,55,1,2,6,3,2,2,5,1
631,4,0,10,0,0,0,0, ,1973,1,1,__NA__,4,1,4,1,__NA__,8,99,4,1,3,5,3,1,2,6,1
632,5,0,10,0,0,0,0, ,1988,1,1,__NA__,4,5,4,1,__NA__,8,99,34,1,1,1,1,2,2,6,2
633,5,0,7,0,0,0,3,German,1962,2,1,__NA__,1,1,4,7,__NA__,10,99,18,1,2,6,3,2,2,2,2
634,3,0,5,0,0,5,0, ,1960,2,7,__NA__,3,1,4,4,__NA__,4,99,48,1,1,2,6,1,2,6,11
635,5,0,10,0,0,0,0, ,1938,2,1,__NA__,2,4,4,5,__NA__,2,99,12,2,2,6,4,4,1,5,1
636,5,1,5,4,0,0,0, ,1995,1,6,__NA__,2,5,4,4,__NA__,1,99,6,1,1,1,1,1,2,6,9
637,1,0,10,0,0,0,0, ,1959,2,1,__NA__,2,3,4,6,__NA__,1,99,55,2,4,4,4,1,2,6,11
638,5,0,10,0,0,0,0, ,1956,2,1,__NA__,1,5,4,1,__NA__,5,99,4,1,3,5,4,1,2,3,2
639,3,0,10,0,0,0,0, ,1981,2,1,__NA__,6,5,4,1,__NA__,5,99,19,1,2,7,5,1,1,4,1
640,3,0,10,0,0,0,0, ,1973,1,1,__NA__,2,5,4,6,__NA__,2,99,25,1,2,5,4,2,2,4,11
641,3,2,2,2,2,2,0, ,1994,1,2,__NA__,2,5,4,8,__NA__,1,99,36,3,3,8,3,7,2,5,1
642,1,3,5,1,1,0,0, ,1993,1,2,__NA__,3,5,4,8,__NA__,1,99,28,1,1,1,3,3,2,5,11
643,5,0,10,0,0,0,0, ,1958,1,1,__NA__,2,1,4,6,__NA__,3,99,51,1,1,3,4,3,1,3,11
644,5,0,10,0,0,0,0, ,1973,1,1,__NA__,2,5,4,2,__NA__,1,99,36,1,3,4,5,4,2,6,5
645,5,0,10,0,0,0,0, ,1979,2,1,__NA__,4,1,4,2,__NA__,7,99,55,1,2,6,4,3,2,6,2
646,2,10,0,0,0,0,0, ,1967,2,2,__NA__,6,5,4,2,__NA__,2,99,5,1,1,2,2,2,1,1,1
647,5,0,10,0,0,0,0, ,1985,1,1,__NA__,2,5,4,4,__NA__,8,99,22,2,3,4,3,4,2,6,11
648,5,0,0,10,0,0,0, ,1978,2,3,__NA__,3,6,3,2,__NA__,12,99,32,1,1,1,1,1,2,6,2
649,4,0,5,0,5,0,0, ,1955,2,6,__NA__,5,5,4,1,__NA__,5,99,27,1,3,3,3,1,1,2,1
650,4,0,10,0,0,0,0, ,1954,2,1,__NA__,3,4,4,6,__NA__,6,99,4,1,1,1,1,2,2,5,2
651,3,2,5,0,0,3,0, ,1970,2,1,__NA__,4,6,4,1,__NA__,8,99,18,1,1,2,3,2,2,6,11
652,5,0,9,0,0,1,0, ,1962,1,1,__NA__,2,3,4,4,__NA__,97,99,4,1,2,6,3,3,2,5,11
653,5,0,10,0,0,0,0, ,1949,1,1,__NA__,2,1,4,5,__NA__,5,99,12,1,2,6,4,1,2,4,2
654,5,0,0,0,10,0,0, ,1976,1,4,__NA__,6,1,4,1,__NA__,13,99,4,1,3,3,3,2,2,6,11
655,5,0,10,0,0,0,0, ,1950,1,1,__NA__,2,3,4,2,__NA__,3,99,55,2,3,4,3,3,2,6,12
656,2,10,0,0,0,0,0, ,1947,2,2,__NA__,1,1,4,5,__NA__,3,99,45,1,1,1,2,2,1,2,1
657,4,10,0,0,0,0,0, ,1972,2,2,__NA__,2,3,4,1,__NA__,3,99,48,1,1,1,2,2,1,2,1
658,5,2,1,3,0,2,2,blacks,1940,2,1,__NA__,2,4,4,5,__NA__,8,99,39,1,2,7,5,2,1,1,1
659,5,0,10,0,0,0,0, ,1968,1,1,__NA__,2,1,4,7,__NA__,9,99,21,2,3,8,6,3,2,3,2
660,5,0,10,0,0,0,0,0,1968,1,1,__NA__,2,3,4,1,__NA__,3,99,31,1,2,7,5,1,1,2,1
661,2,0,0,0,0,0,10,0,1995,2,2,__NA__,2,5,4,8,__NA__,97,99,6,1,1,1,5,1,8,1,98
662,5,2,2,2,2,2,0, ,1972,1,1,__NA__,5,5,4,1,__NA__,11,99,33,1,2,7,5,1,2,5,1
663,4,2,2,2,2,1,1, ,1951,2,2,__NA__,2,4,4,2,__NA__,8,99,37,1,3,4,4,1,1,1,1
664,3,0,0,10,0,0,0, ,1990,1,3,__NA__,3,5,1,1,__NA__,3,99,48,1,3,4,3,2,2,6,11
665,5,0,9,0,0,0,1,European,1960,2,1,__NA__,5,1,4,1,__NA__,6,99,51,1,1,1,2,1,2,6,5
666,4,0,10,0,0,0,0, ,1980,2,1,__NA__,3,5,4,1,__NA__,3,99,39,1,3,5,4,1,2,4,2
667,5,0,0,10,0,0,0, ,1991,2,2,__NA__,3,1,4,4,__NA__,5,99,46,1,2,7,3,4,1,6,1
668,5,10,0,0,0,0,0, ,1960,2,2,__NA__,2,1,4,1,__NA__,3,99,45,1,1,1,2,3,1,3,1
669,3,0,1,2,3,4,0, ,1988,2,3,__NA__,5,5,1,2,__NA__,6,99,12,1,1,2,3,1,2,4,2
670,4,0,8,0,0,2,0, ,1971,1,1,__NA__,2,5,4,2,__NA__,3,99,12,1,2,5,6,3,2,5,2
671,3,0,10,0,0,0,0, ,1957,1,1,__NA__,2,5,4,1,__NA__,3,99,22,1,1,1,3,2,2,5,2
672,5,0,10,0,0,0,0, ,1973,2,1,__NA__,2,1,4,6,__NA__,2,99,25,1,1,1,2,2,2,6,1
673,4,0,10,0,0,0,0, ,1968,1,1,__NA__,2,2,4,2,__NA__,1,99,42,1,1,2,6,3,2,6,1
674,3,0,0,0,10,0,0, ,1988,1,4,__NA__,5,5,4,2,__NA__,12,99,37,1,4,4,6,2,2,2,12
675,5,0,10,0,0,0,0, ,1975,2,1,__NA__,5,5,4,2,__NA__,5,99,51,1,1,1,2,1,2,3,11
676,4,0,8,0,0,2,0, ,1934,2,1,__NA__,6,4,4,5,__NA__,97,99,6,1,1,2,3,1,2,3,2
677,3,10,0,0,0,0,0, ,1947,1,2,__NA__,2,1,4,5,__NA__,5,99,17,1,1,1,1,1,1,2,1
678,3,8,2,0,0,0,0, ,1989,2,2,__NA__,3,5,4,2,__NA__,11,99,20,1,1,3,3,2,1,1,1
679,1,-8,-8,-8,-8,-8,-8, ,1980,2,3,__NA__,2,1,1,1,__NA__,97,99,33,2,2,8,5,1,1,2,2
680,5,0,10,0,0,0,0, ,1992,1,1,__NA__,2,5,4,1,__NA__,3,99,42,1,3,4,3,3,2,6,11
681,1,0,10,0,0,0,0, ,1952,1,1,__NA__,2,1,4,1,__NA__,5,99,34,1,2,6,3,2,1,2,2
682,1,1,4,1,1,2,1,Misc,1958,2,1,__NA__,1,3,4,4,__NA__,1,99,13,1,3,3,6,1,2,6,2
683,4,4,2,2,1,1,0, ,1963,2,2,__NA__,1,4,4,4,__NA__,1,99,17,1,1,1,1,3,2,5,1
684,4,0,10,0,0,0,0, ,1953,1,1,__NA__,6,4,4,6,__NA__,4,99,42,1,3,3,2,2,2,6,9
685,5,0,10,0,0,0,0, ,1991,2,1,__NA__,2,5,4,1,__NA__,3,99,49,2,1,1,2,3,2,6,9
686,4,0,10,0,0,0,0, ,1977,1,1,__NA__,2,5,4,1,__NA__,5,99,26,1,3,4,3,1,2,6,11
687,5,2,5,1,1,1,0, ,1985,1,1,__NA__,2,1,4,1,__NA__,3,99,29,2,1,2,6,4,1,3,11
688,5,3,1,2,1,3,0, ,1976,1,1,__NA__,5,1,4,1,__NA__,10,99,48,1,2,7,5,1,2,2,2
689,3,10,0,0,0,0,0, ,1966,2,2,__NA__,1,1,4,1,__NA__,6,99,47,1,1,1,2,1,1,2,1
690,5,0,10,0,0,0,0, ,1993,2,1,__NA__,5,5,4,1,__NA__,4,99,36,1,2,6,4,2,2,5,1
691,3,0,10,0,0,0,0, ,1990,1,1,__NA__,3,5,4,1,__NA__,6,99,48,1,1,1,1,2,2,6,11
692,1,8,0,0,0,2,0, ,1954,1,2,__NA__,4,2,4,1,__NA__,5,99,12,1,3,4,3,1,2,5,1
693,3,0,0,10,0,0,0, ,1972,1,3,__NA__,5,5,2,1,__NA__,5,99,35,1,3,4,4,1,2,4,2
694,3,2,2,2,2,2,0,black,1957,1,3,__NA__,3,5,4,1,__NA__,6,99,6,1,2,7,2,1,2,5,2
695,5,10,0,0,0,0,0, ,1954,1,1,__NA__,4,1,4,6,__NA__,7,99,51,2,4,4,3,1,1,1,1
696,5,0,2,8,0,0,0, ,1993,1,3,__NA__,4,1,4,1,__NA__,7,99,39,1,3,4,3,1,2,7,11
697,5,2,3,2,2,1,0, ,1990,2,3,__NA__,3,1,2,1,__NA__,5,99,6,1,1,2,4,3,2,3,2
698,5,0,10,0,0,0,0, ,1958,2,1,__NA__,6,1,4,1,__NA__,10,99,56,1,2,6,5,2,1,2,1
699,5,0,0,0,0,0,10,human,1973,1,5,__NA__,3,1,4,1,__NA__,9,99,26,1,3,4,3,1,2,6,11
700,5,0,10,0,0,0,0, ,1966,2,1,__NA__,6,5,4,1,__NA__,97,99,36,1,2,7,4,1,2,2,4
701,2,0,0,0,0,10,0,0,1987,2,3,__NA__,2,1,3,1,__NA__,3,99,32,1,1,1,3,2,2,5,7
702,4,10,0,0,0,0,0, ,1967,1,2,__NA__,2,1,4,6,__NA__,2,99,39,1,1,1,3,3,1,3,1
703,5,0,10,0,0,0,0, ,1996,2,1,__NA__,5,5,4,8,__NA__,8,99,42,2,1,1,2,2,2,5,10
704,5,0,10,0,0,0,0, ,1981,2,1,__NA__,4,5,4,1,__NA__,4,99,12,1,1,1,1,1,2,5,11
705,2,0,5,5,0,0,0, ,1978,1,3,__NA__,3,5,3,1,__NA__,2,99,12,1,3,1,4,2,2,6,11
706,1,10,0,0,0,0,0, ,1951,1,2,__NA__,5,1,4,5,__NA__,97,99,42,1,3,3,3,2,2,5,1
707,4,0,4,6,0,0,0, ,1979,2,3,__NA__,2,6,3,1,__NA__,9,99,6,1,3,3,3,2,2,5,2
708,5,0,10,0,0,0,0, ,1977,1,1,__NA__,3,1,4,1,__NA__,6,99,5,2,3,4,4,3,2,6,11
709,5,2,2,2,2,2,0, ,1982,2,4,__NA__,5,1,4,7,__NA__,8,99,17,1,2,7,3,1,2,5,7
710,5,0,10,0,0,0,0, ,1950,2,1,__NA__,2,1,4,1,__NA__,12,99,25,1,3,4,3,1,2,6,9
711,5,0,8,0,0,0,2,irish,1970,1,1,__NA__,2,5,4,4,__NA__,2,99,45,1,2,7,5,2,1,1,1
712,4,0,8,0,0,2,0, ,1967,1,1,__NA__,4,1,4,7,__NA__,6,99,27,1,3,2,1,2,2,6,10
713,5,0,10,0,0,0,0, ,1952,1,1,__NA__,5,1,4,1,__NA__,10,99,34,1,3,4,3,1,2,2,2
714,5,2,2,2,2,2,0, ,1991,2,1,__NA__,3,5,4,2,__NA__,6,99,18,1,1,2,2,2,2,4,1
715,1,3,4,2,1,0,0, ,1980,1,3,__NA__,2,3,1,1,__NA__,4,99,1,2,1,2,2,3,2,4,2
716,4,0,8,0,0,2,0, ,1956,1,1,__NA__,3,3,4,4,__NA__,2,99,47,1,2,6,2,3,1,3,1
717,4,0,0,10,0,0,0, ,1979,2,3,__NA__,3,3,3,4,__NA__,3,99,6,1,2,7,6,2,1,5,1
718,2,0,1,9,0,0,0, ,1995,2,1,__NA__,2,6,4,1,__NA__,4,99,9,1,1,2,6,3,1,2,1
719,4,0,2,7,1,0,0, ,1971,1,1,__NA__,5,5,4,1,__NA__,14,99,18,1,3,5,5,1,2,2,4
720,4,6,2,0,0,2,0, ,1964,2,2,__NA__,2,1,4,2,__NA__,4,99,26,1,1,1,6,4,1,2,1
721,4,0,10,0,0,0,0, ,1974,1,1,__NA__,4,1,4,2,__NA__,4,99,23,1,2,7,4,1,2,5,2
722,3,1,2,3,1,1,2, ,1963,1,6,__NA__,2,3,4,6,__NA__,2,99,6,1,1,2,2,3,1,5,2
723,5,0,9,0,0,1,0, ,1988,1,1,__NA__,3,5,4,8,__NA__,4,99,8,1,4,5,4,1,2,4,1
724,4,0,2,4,0,4,0, ,1988,1,3,__NA__,5,1,2,1,__NA__,5,99,8,1,2,7,4,1,2,6,11
725,4,0,0,10,0,0,0, ,1990,2,3,__NA__,3,5,2,8,__NA__,97,99,6,1,1,2,4,2,2,4,2
726,4,0,10,0,0,0,0, ,1982,2,1,__NA__,3,3,4,1,__NA__,4,99,29,1,4,5,5,3,2,4,11
727,5,0,0,10,0,0,0, ,1997,1,3,__NA__,1,5,3,8,__NA__,97,99,6,2,3,8,4,4,2,7,2
728,5,0,10,0,0,0,0, ,1965,2,1,__NA__,5,1,4,1,__NA__,13,99,10,1,2,6,3,2,2,5,2
729,5,0,10,0,0,0,0, ,1959,1,1,__NA__,4,3,4,1,__NA__,4,99,4,2,4,2,3,3,2,2,2
730,5,0,0,10,0,0,0, ,1991,2,3,__NA__,2,5,3,1,__NA__,3,99,17,1,1,8,1,7,2,4,2
731,5,0,9,0,0,1,0, ,1984,2,1,__NA__,5,1,4,2,__NA__,5,99,48,1,4,5,3,2,1,1,1
732,5,0,10,0,0,0,0, ,1979,2,1,__NA__,6,5,4,2,__NA__,10,99,39,1,2,6,4,1,2,2,2
733,1,0,10,0,0,0,0, ,1989,1,1,__NA__,3,5,4,1,__NA__,1,99,54,1,1,4,4,1,2,7,12
734,5,0,5,5,0,0,0, ,1981,1,1,__NA__,5,1,4,1,__NA__,6,99,26,1,3,4,3,1,2,6,11
735,4,3,0,3,2,2,0, ,1959,2,1,__NA__,3,1,4,5,__NA__,3,99,55,2,3,3,6,3,2,6,11
736,4,0,10,0,0,0,0, ,1964,2,1,__NA__,2,3,4,6,__NA__,2,99,22,1,1,2,3,2,1,4,1
737,4,1,0,4,0,5,0, ,1944,1,3,__NA__,2,1,2,5,__NA__,3,99,48,1,3,5,4,2,1,4,2
738,5,0,10,0,0,0,0, ,1988,1,1,__NA__,5,5,4,1,__NA__,6,99,38,1,1,2,2,2,2,6,10
739,4,8,1,0,0,1,0, ,1989,2,2,__NA__,2,5,4,2,__NA__,3,99,24,1,3,4,1,2,2,6,11
740,5,0,9,0,0,1,0, ,1993,2,1,__NA__,3,5,4,8,__NA__,9,99,27,1,4,3,2,2,2,6,11
741,5,0,10,0,0,0,0, ,1996,1,1,__NA__,3,5,4,8,__NA__,12,99,27,1,4,5,4,1,1,1,1
742,5,10,0,0,0,0,0, ,1994,2,2,__NA__,4,5,4,8,__NA__,97,99,34,1,1,2,6,3,1,5,1
743,1,0,8,2,0,0,0, ,1973,1,1,__NA__,2,1,4,6,__NA__,97,99,24,1,4,4,6,1,1,6,12
744,5,0,0,10,0,0,0, ,1975,1,1,__NA__,2,2,4,6,__NA__,2,99,12,1,3,4,2,2,1,4,2
745,5,0,7,0,0,3,0, ,1997,2,1,__NA__,3,5,4,8,__NA__,97,99,1,2,3,5,3,3,2,2,1
746,5,1,9,0,0,0,0, ,1940,2,1,__NA__,1,4,4,5,__NA__,3,99,26,2,3,4,2,4,2,6,9
747,2,0,10,0,0,0,0, ,1973,2,1,__NA__,4,1,4,6,__NA__,9,99,6,1,3,4,6,2,2,6,9
748,3,0,0,10,0,0,0, ,1951,1,3,__NA__,2,1,2,6,__NA__,3,99,48,1,1,2,4,2,1,4,2
749,5,0,9,0,0,1,0, ,1977,2,1,__NA__,3,1,4,6,__NA__,6,99,1,1,3,4,3,3,2,5,11
750,5,0,5,5,0,0,0, ,1994,2,3,__NA__,3,1,4,8,__NA__,4,99,48,1,2,6,6,2,2,2,2
751,4,0,5,0,5,0,0, ,1995,2,4,__NA__,3,5,4,8,__NA__,97,99,6,1,1,2,2,2,2,5,12
752,5,0,10,0,0,0,0, ,1967,1,1,__NA__,6,1,4,1,__NA__,9,99,27,1,2,6,4,2,2,3,1
753,4,0,10,0,0,0,0, ,1957,2,1,__NA__,1,5,4,4,__NA__,1,99,17,2,4,8,6,2,1,6,1
754,5,0,10,0,0,0,0, ,1987,2,1,__NA__,4,1,4,1,__NA__,9,99,12,1,1,1,1,4,2,6,2
755,5,0,10,0,0,0,0, ,1981,1,1,__NA__,2,1,4,1,__NA__,7,99,12,1,3,3,2,2,2,6,9
756,3,0,10,0,0,0,0, ,1980,1,1,__NA__,5,1,4,1,__NA__,4,99,36,1,1,1,4,3,2,5,2
757,3,9,0,0,0,1,0, ,1968,1,2,__NA__,6,1,4,1,__NA__,11,99,42,1,1,1,3,1,2,6,2
758,5,0,5,5,0,0,0, ,1985,1,3,__NA__,2,5,3,4,__NA__,97,99,34,3,3,4,3,3,2,5,11
759,5,0,10,0,0,0,0, ,1960,1,1,__NA__,6,5,4,1,__NA__,4,99,8,1,3,3,3,1,2,5,1
760,5,0,10,0,0,0,0, ,1993,1,1,__NA__,3,5,4,4,__NA__,5,99,12,1,1,1,1,1,2,6,9
761,5,0,10,0,0,0,0, ,1947,2,1,__NA__,2,1,4,7,__NA__,9,99,36,1,1,1,2,2,2,6,10
762,1,0,2,0,0,8,0, ,1985,2,1,__NA__,4,3,4,7,__NA__,5,99,12,1,1,2,3,2,2,6,11
763,5,0,10,0,0,0,0, ,1952,1,1,__NA__,2,1,4,9,__NA__,8,99,55,1,2,7,4,1,2,6,10
764,2,10,0,0,0,0,0, ,1960,1,2,__NA__,1,1,4,4,__NA__,3,99,6,2,1,2,3,1,2,3,11
765,5,0,10,0,0,0,0, ,1980,1,1,__NA__,1,5,4,1,__NA__,5,99,41,1,2,6,4,1,2,6,9
766,5,0,3,7,0,0,0, ,1977,2,3,__NA__,2,5,2,6,__NA__,2,99,12,1,1,1,2,1,2,5,1
767,5,0,0,10,0,0,0, ,1975,2,3,__NA__,2,2,1,7,__NA__,7,99,32,2,1,1,3,2,1,6,11
768,5,0,8,0,0,2,0, ,1962,2,1,__NA__,2,1,4,6,__NA__,2,99,21,1,2,7,4,4,1,6,5
769,5,0,0,10,0,0,0, ,1975,2,3,__NA__,3,1,2,1,__NA__,3,99,48,2,5,8,3,4,2,6,11
770,4,0,10,0,0,0,0, ,1958,2,1,__NA__,3,3,4,7,__NA__,97,99,36,1,3,3,2,1,2,6,10
771,4,4,5,1,0,0,0, ,1983,2,2,__NA__,2,3,4,1,__NA__,4,99,36,1,1,2,3,3,1,5,1
772,3,10,0,0,0,0,0, ,1961,1,2,__NA__,2,1,4,6,__NA__,8,99,24,1,1,1,4,3,2,5,1
773,3,4,2,1,3,0,0, ,1996,1,2,__NA__,1,5,4,8,__NA__,1,99,12,1,3,2,3,4,2,5,1
774,5,0,10,0,0,0,0, ,1984,1,1,__NA__,3,5,4,1,__NA__,4,99,4,1,3,4,1,1,2,6,11
775,3,0,0,10,0,0,0, ,1969,2,3,__NA__,3,1,3,1,__NA__,3,99,6,1,2,7,5,1,1,2,1
776,5,0,0,10,0,0,0, ,1956,2,3,__NA__,2,5,2,4,__NA__,2,99,9,1,3,4,3,4,1,6,2
777,4,0,7,3,0,0,0, ,1990,1,1,__NA__,2,5,4,1,__NA__,97,99,6,1,2,6,4,3,2,5,12
778,2,0,8,1,0,1,0, ,1967,1,1,__NA__,6,5,4,1,__NA__,5,99,53,1,4,4,3,3,2,5,1
779,5,0,9,0,0,1,0, ,1954,1,1,__NA__,3,5,4,1,__NA__,5,99,18,1,1,1,1,2,2,6,9
780,5,0,0,10,0,0,0, ,1986,1,3,__NA__,2,5,2,2,__NA__,97,99,36,2,3,8,3,3,2,6,11
781,4,2,2,2,2,2,0, ,1942,2,1,__NA__,2,1,4,5,__NA__,8,99,12,1,2,6,4,1,2,5,4
782,5,0,10,0,0,0,0, ,1964,1,1,__NA__,1,3,4,4,__NA__,5,99,41,1,3,4,4,1,2,5,11
783,3,0,10,0,0,0,0, ,1957,1,1,__NA__,6,3,4,2,__NA__,9,99,12,1,1,2,2,2,2,6,10
784,5,0,10,0,0,0,0, ,1981,2,1,__NA__,2,2,4,6,__NA__,3,99,44,1,3,3,2,3,2,6,9
785,5,2,2,2,2,1,1, ,1947,2,2,__NA__,2,3,4,5,__NA__,97,99,29,1,1,1,4,1,1,2,1
786,5,1,3,1,1,3,1,Italian,1984,1,1,__NA__,4,5,4,1,__NA__,97,99,29,1,4,4,3,3,2,2,3
787,3,2,2,2,2,2,0, ,1976,1,2,__NA__,3,5,4,4,__NA__,4,99,22,1,2,1,4,2,1,3,11
788,3,10,0,0,0,0,0, ,1961,1,2,__NA__,2,5,4,6,__NA__,1,99,28,1,1,1,3,2,2,6,11
789,5,0,10,0,0,0,0, ,1953,1,3,__NA__,2,1,2,6,__NA__,4,99,36,1,1,2,6,7,2,6,2
790,5,3,0,4,3,0,0, ,1966,2,1,__NA__,1,1,4,7,__NA__,1,99,29,1,2,6,3,2,1,4,1
791,3,10,0,0,0,0,0, ,1976,2,1,__NA__,5,3,8,4,__NA__,9,99,6,1,4,4,3,3,2,7,1
792,5,0,10,0,0,0,0, ,1975,1,1,__NA__,6,6,4,1,__NA__,5,99,54,1,2,7,4,2,2,2,1
793,4,10,0,0,0,0,0, ,1983,1,2,__NA__,3,1,4,1,__NA__,8,99,39,1,3,5,3,2,1,6,11
794,1,1,0,0,1,1,7,mixed,1968,2,2,__NA__,1,6,4,2,__NA__,97,99,8,1,1,1,4,2,1,6,2
795,4,0,0,0,10,0,0, ,1997,1,4,__NA__,2,5,4,8,__NA__,97,99,36,1,1,1,6,7,2,7,6
796,5,0,5,3,0,2,0, ,1964,1,3,__NA__,3,1,4,1,__NA__,6,99,39,1,3,4,4,1,2,2,1
797,5,0,10,0,0,0,0, ,1991,1,1,__NA__,2,5,4,6,__NA__,3,99,6,1,3,3,1,2,2,6,10
798,5,0,10,0,0,0,0, ,1954,2,1,__NA__,3,5,4,1,__NA__,6,99,12,1,1,1,2,1,2,8,10
799,1,10,0,0,0,0,0, ,1968,2,2,__NA__,4,5,4,2,__NA__,3,99,6,1,1,1,1,1,1,6,1
800,5,0,10,0,0,0,0, ,1956,1,1,__NA__,3,1,4,1,__NA__,7,99,31,1,1,1,3,2,2,5,2
801,3,2,2,2,2,2,0, ,1989,1,2,__NA__,5,5,4,1,__NA__,8,99,25,1,3,4,3,1,2,4,2
802,3,0,5,0,0,5,0, ,1957,1,1,__NA__,3,3,4,4,__NA__,1,99,18,2,3,4,5,4,2,5,1
803,4,0,8,0,0,2,0, ,1950,1,1,__NA__,6,1,4,1,__NA__,10,99,8,1,3,4,3,1,2,1,1
804,5,0,9,0,0,1,0, ,1975,2,1,__NA__,5,3,4,4,__NA__,7,99,41,1,1,1,2,2,2,6,11
805,4,5,5,0,0,0,0, ,1997,2,6,__NA__,2,5,4,2,__NA__,8,99,17,1,1,2,2,2,2,6,10
806,5,0,5,5,0,0,0, ,1996,2,3,__NA__,3,5,3,8,__NA__,3,99,32,2,1,3,1,4,2,6,9
807,5,0,10,0,0,0,0, ,1972,1,1,__NA__,2,1,4,1,__NA__,9,99,46,1,1,2,4,2,2,5,11
808,4,0,7,3,0,0,0, ,1997,2,1,__NA__,2,5,4,2,__NA__,97,99,12,2,3,8,3,4,2,4,1
809,5,10,0,0,0,0,0, ,1996,2,2,__NA__,3,6,4,2,__NA__,1,99,37,1,1,7,3,4,1,1,1
810,5,2,2,2,2,2,0,Tribal,1989,1,1,__NA__,5,5,4,1,__NA__,7,99,13,1,2,6,3,2,1,3,1
811,4,1,4,0,2,3,0, ,1993,2,1,__NA__,1,6,4,2,__NA__,97,99,35,2,3,4,3,4,1,3,11
812,5,0,9,0,0,1,0, ,1997,2,1,__NA__,2,5,4,8,__NA__,7,99,21,1,2,6,3,4,1,1,1
813,5,3,5,1,1,0,0, ,1962,1,1,__NA__,3,5,4,1,__NA__,9,99,42,1,2,6,2,2,2,4,12
814,5,0,10,0,0,0,0, ,1972,1,1,__NA__,2,6,4,1,__NA__,8,99,4,1,1,1,1,1,2,6,10
815,5,0,5,5,0,0,0, ,1973,2,3,__NA__,6,1,4,1,__NA__,10,99,27,1,1,1,2,2,2,5,1
816,3,10,0,0,0,0,0, ,1992,2,2,__NA__,3,5,4,8,__NA__,1,99,17,1,1,1,3,2,2,5,1
817,5,0,0,0,10,0,0, ,1997,2,4,__NA__,3,5,4,2,__NA__,2,99,36,2,4,4,6,4,2,4,7
818,2,0,2,7,0,1,0, ,1978,1,3,__NA__,4,6,3,1,__NA__,4,99,4,1,1,3,1,3,2,5,11
819,4,2,2,2,2,2,0, ,1959,2,1,__NA__,3,1,4,5,__NA__,9,99,27,1,4,4,4,2,2,2,2
820,4,0,10,0,0,0,0, ,1979,2,1,__NA__,3,6,4,1,__NA__,5,99,8,1,3,3,3,2,2,6,9
821,4,0,10,0,0,0,0, ,1970,2,1,__NA__,5,1,4,1,__NA__,5,99,4,1,3,4,4,2,1,2,12
822,5,0,7,0,0,3,0, ,1944,1,1,__NA__,3,5,4,5,__NA__,4,99,17,1,1,1,2,1,1,5,1
823,5,0,10,0,0,0,0, ,1982,1,1,__NA__,1,5,4,4,__NA__,1,99,12,2,4,4,6,7,2,6,11
824,5,0,0,0,0,0,10, ,1997,1,2,__NA__,1,5,4,8,__NA__,97,99,34,2,3,4,6,4,2,7,1
825,3,8,0,2,0,0,0, ,1983,1,2,__NA__,3,1,4,1,__NA__,4,99,6,1,1,2,2,2,1,3,1
826,5,0,10,0,0,0,0, ,1987,1,1,__NA__,5,1,4,1,__NA__,5,99,39,1,2,6,4,1,1,1,1
827,3,0,10,0,0,0,0, ,1994,1,1,__NA__,3,5,4,8,__NA__,97,99,32,1,4,8,6,7,2,7,11
828,5,0,10,0,0,0,0, ,1990,1,1,__NA__,4,5,4,1,__NA__,4,99,19,1,3,5,3,2,2,6,10
829,5,2,4,1,1,2,0, ,1937,2,1,__NA__,2,1,4,5,__NA__,5,99,26,1,1,1,4,1,1,1,1
830,5,0,10,0,0,0,0, ,1984,1,1,__NA__,2,5,4,9,__NA__,1,99,39,1,3,4,3,2,2,5,3
831,3,0,0,10,0,0,0, ,1978,2,3,__NA__,5,1,1,7,__NA__,3,99,12,2,3,4,3,2,1,3,1
832,5,0,10,0,0,0,0, ,1984,1,1,__NA__,5,5,4,1,__NA__,3,99,29,1,3,3,3,1,2,6,11
833,5,0,10,0,0,0,0, ,1996,2,1,__NA__,3,5,4,2,__NA__,10,99,17,2,1,1,2,2,2,6,11
834,4,0,10,0,0,0,0, ,1981,2,1,__NA__,3,1,4,1,__NA__,4,99,13,1,2,6,3,2,1,2,11
835,4,3,3,1,1,2,0, ,1974,1,2,__NA__,2,5,4,5,__NA__,7,99,28,1,1,1,4,2,1,2,1
836,4,0,10,0,0,0,0,0,1970,1,1,__NA__,3,1,4,1,__NA__,9,99,33,1,2,7,4,1,2,2,2
837,5,0,10,0,0,0,0, ,1993,2,1,__NA__,4,2,4,8,__NA__,9,99,42,1,1,1,1,1,2,6,9
838,4,0,10,0,0,0,0, ,1960,2,1,__NA__,2,4,4,2,__NA__,2,99,48,1,3,4,3,1,1,2,1
839,5,0,8,2,0,0,0, ,1990,1,1,__NA__,3,5,4,8,__NA__,11,99,34,2,3,4,3,1,2,6,9
840,4,10,0,0,0,0,0, ,1987,1,2,__NA__,4,5,4,1,__NA__,3,99,37,1,1,2,6,2,2,3,1
841,5,0,8,0,0,2,0, ,1957,1,1,__NA__,1,3,4,2,__NA__,2,99,4,2,1,1,6,3,2,5,9
842,1,0,10,0,0,0,0,europa,1990,1,3,__NA__,2,3,4,1,__NA__,3,99,4,1,2, ,1,2,1,1,3
843,4,2,2,2,2,2,0, ,1975,1,3,__NA__,1,1,1,5,__NA__,3,99,4,2,1,1,3,3,1,2,2
844,4,10,0,0,0,0,0, ,1954,2,2,__NA__,2,5,4,2,__NA__,97,99,39,1,1,1,2,4,1,5,1
845,5,8,0,0,0,2,0, ,1957,2,2,__NA__,3,1,4,7,__NA__,9,99,26,1,1,1,2,4,1,1,1
846,3,2,3,1,1,1,2, ,1988,2,3,__NA__,3,1,1,2,__NA__,2,99,36,3,1,1,3,2,2,1,11
847,5,0,0,10,0,0,0, ,1995,2,3,__NA__,1,5,1,4,__NA__,2,99,48,3,3,3,3,3,2,7,11
848,2,0,4,0,6,0,0, ,1974,1,6,__NA__,2,5,4,6,__NA__,4,99,18,1,3,3,2,2,2,6,11
849,5,0,5,0,0,5,0, ,1968,1,1,__NA__,2,1,4,6,__NA__,6,99,39,2,2,7,3,2,1,4,2
850,4,2,4,2,1,1,0, ,1963,1,2,__NA__,2,3,4,1,__NA__,97,99,47,1,3,7,6,4,2,1,11
851,3,0,10,0,0,0,0, ,1970,1,1,__NA__,3,6,4,1,__NA__,7,99,4,1,2,7,5,3,1,4,2
852,4,0,10,0,0,0,0, ,1990,1,1,__NA__,3,2,4,1,__NA__,4,99,6,1,4,4,3,2,2,5,11
853,5,0,10,0,0,0,0, ,1974,1,1,__NA__,3,1,4,1,__NA__,8,99,41,1,1,3,3,3,2,6,9
854,3,0,0,10,0,0,0, ,1961,2,3,__NA__,6,6,2,2,__NA__,4,99,34,1,1,1,1,1,2,5,11
855,5,4,1,1,2,2,0, ,1988,1,3,__NA__,3,6,3,1,__NA__,97,99,6,3,3,2,6,7,2,7,2
856,4,0,7,3,0,0,0, ,1996,1,3,__NA__,1,5,4,4,__NA__,97,99,35,2,1,2,1,2,2,6,10
857,5,0,10,0,0,0,0, ,1959,2,1,__NA__,3,1,4,4,__NA__,6,99,42,1,1,2,6,4,2,6,1
858,5,0,10,0,0,0,0, ,1988,2,1,__NA__,6,1,4,1,__NA__,8,99,22,1,2,7,5,3,1,3,1
859,5,0,10,0,0,0,0, ,1981,1,1,__NA__,6,1,4,1,__NA__,11,99,18,1,3,3,3,2,2,6,9
860,5,0,10,0,0,0,0, ,1977,2,1,__NA__,6,6,4,1,__NA__,10,99,6,1,3,3,1,1,2,6,10
861,4,2,2,2,2,2,0, ,1976,1,2,__NA__,2,2,4,1,__NA__,2,99,37,1,1,1,5,2,1,3,1
862,3,5,1,1,1,1,1, ,1972,2,2,__NA__,4,1,4,1,__NA__,6,99,18,1,1,1,4,1,1,2,11
863,5,0,10,0,0,0,0, ,1987,2,1,__NA__,5,1,4,1,__NA__,4,99,31,2,1,1,1,1,2,6,9
864,2,10,0,0,0,0,0, ,1982,2,2,__NA__,2,5,4,1,__NA__,3,99,40,1,1,2,6,2,2,6,1
865,5,0,10,0,0,0,0, ,1951,2,1,__NA__,2,1,4,2,__NA__,4,99,55,1,3,4,6,4,1,1,1
866,3,0,10,0,0,0,0, ,1980,2,1,__NA__,4,1,4,1,__NA__,3,99,56,2,3,5,4,2,1,2,1
867,3,0,10,0,0,0,0, ,1980,2,1,__NA__,2,1,4,4,__NA__,6,99,13,2,3,2,3,4,1,4,1
868,5,0,9,0,0,1,0, ,1996,2,1,__NA__,2,5,4,8,__NA__,10,99,39,1,3,4,3,4,2,6,10
869,5,0,9,0,0,0,1,Armenian,1977,2,1,__NA__,2,1,4,1,__NA__,97,99,48,1,2,6,3,2,2,6,12
870,4,0,10,0,0,0,0, ,1959,1,1,__NA__,5,1,4,4,__NA__,97,99,8,1,3,4,3,1,2,6,11
871,5,0,0,10,0,0,0, ,1989,1,3,__NA__,1,6,2,1,__NA__,3,99,6,2,1,2,4,3,2,2,2
872,4,0,9,0,0,1,0, ,1973,1,1,__NA__,2,5,4,1,__NA__,2,99,12,2,4,8,3,2,2,5,11
873,5,0,10,0,0,0,0, ,1987,2,1,__NA__,3,5,4,8,__NA__,6,99,17,1,1,1,2,2,2,5,11
874,4,0,10,0,0,0,0, ,1985,1,1,__NA__,3,5,4,6,__NA__,2,99,46,1,4,3,2,1,2,6,11
875,4,10,0,0,0,0,0, ,1995,1,2,__NA__,3,5,4,8,__NA__,6,99,4,1,2,5,5,2,1,5,2
876,2,0,0,0,0,0,10,"Scottish, Irish, English, Pictish",1987,2,7,__NA__,2,1,4,7,__NA__,2,99,18,1,4,4,3,1
877,5,0,10,0,0,0,0, ,1954,1,1,__NA__,4,1,4,6,__NA__,7,99,37,1,1,1,2,1,2,4,2
878,5,0,10,0,0,0,0, ,1959,2,1,__NA__,5,1,4,1,__NA__,11,99,18,1,3,2,3,3,2,3,2
879,5,0,10,0,0,0,0, ,1962,2,1,__NA__,4,4,4,2,__NA__,3,99,53,1,2,6,4,3,1,2,1
880,5,0,10,0,0,0,0, ,1987,2,1,__NA__,6,5,4,1,__NA__,97,99,13,1,1,1,1,1,2,5,9
881,5,0,10,0,0,0,0, ,1963,2,1,__NA__,5,1,4,1,__NA__,10,99,34,1,3,3,3,1,2,3,5
882,5,0,10,0,0,0,0, ,1925,2,1,__NA__,3,2,4,5,__NA__,4,99,6,1,3,4,1,3,2,5,5
883,3,10,0,0,0,0,0, ,1959,1,2,__NA__,2,1,4,6,__NA__,2,99,25,1,1,1,1,1,2,6,1
884,5,0,10,0,0,0,0, ,1992,2,1,__NA__,3,5,4,2,__NA__,3,99,39,1,1,1,1,2,2,5,10
885,3,0,9,1,0,0,0, ,1991,1,1,__NA__,3,5,4,1,__NA__,3,99,53,1,3,4,6,7,1,4,2
886,4,0,10,0,0,0,0, ,1956,2,1,__NA__,2,1,4,6,__NA__,6,99,51,1,3,4,3,1,1,4,1
887,5,0,8,0,0,2,0, ,1959,2,1,__NA__,2,4,4,1,__NA__,3,99,42,2,3,3,6,4,2,6,1
888,5,0,10,0,0,0,0, ,1952,2,1,__NA__,2,4,4,7,__NA__,3,99,55,1,3,4,3,2,2,5,1
889,5,-8,-8,-8,-8,-8,-8, ,1947,1,1,__NA__,2,1,4,5,__NA__,97,99,27,1,3,5,3,1,1,7,1
890,5,0,10,0,0,0,0, ,1976,1,1,__NA__,6,1,4,1,__NA__,12,99,42,1,3,3,3,1,2,6,10
891,5,0,9,0,0,1,0, ,1970,1,1,__NA__,4,5,4,1,__NA__,8,99,53,1,3,3,1,1,2,6,10
892,5,0,0,10,0,0,0, ,1943,2,3,__NA__,2,1,1,5,__NA__,6,99,12,1,1,1,2,1,2,4,2
893,5,0,9,0,0,1,0, ,1941,1,1,__NA__,3,3,4,2,__NA__,4,99,6,1,1,1,3,2,2,6,10
894,5,0,10,0,0,0,0, ,1931,2,1,__NA__,3,4,4,5,__NA__,97,99,6,1,2,7,4,2,1,2,1
895,4,0,10,0,0,0,0, ,1946,2,1,__NA__,3,1,4,5,__NA__,97,99,36,1,3,5,4,1,2,5,2
896,5,0,10,0,0,0,0, ,1979,1,1,__NA__,5,1,4,1,__NA__,9,99,34,1,3,3,1,1,2,3,5
897,5,0,9,0,0,1,0, ,1988,1,1,__NA__,6,1,4,2,__NA__,5,99,48,1,4,3,1,1,1,3,1
898,5,0,10,0,0,0,0, ,1982,1,1,__NA__,5,1,4,1,__NA__,9,99,42,1,2,7,4,1,1,2,1
899,5,8,0,0,0,2,0, ,1976,2,2,__NA__,5,6,4,1,__NA__,12,99,51,1,1,2,3,2,2,3,1
900,4,0,10,0,0,0,0, ,1956,1,1,__NA__,3,1,4,1,__NA__,8,99,6,1,1,1,1,1,2,3,9
901,5,0,8,0,0,2,0, ,1989,1,1,__NA__,2,5,4,4,__NA__,4,99,42,1,1,1,2,1,2,6,10
902,5,0,9,0,1,0,0, ,1997,2,1,__NA__,2,6,4,8,__NA__,97,99,6,1,3,3,2,2,2,6,11
903,3,0,10,0,0,0,0, ,1984,1,1,__NA__,3,5,4,2,__NA__,4,99,23,1,2,7,5,7,1,1,1
904,5,0,6,4,0,0,0, ,1978,2,3,__NA__,6,5,3,2,__NA__,2,99,47,1,1,1,1,2,2,6,9
905,5,0,10,0,0,0,0, ,1973,2,1,__NA__,2,1,4,1,__NA__,4,99,9,2,4,4,3,2,2,6,11
906,5,0,10,0,0,0,0, ,1966,1,1,__NA__,1,5,4,4,__NA__,1,99,56,2,3,4,3,4,2,6,9
907,5,0,7,0,0,3,0, ,1975,2,1,__NA__,5,5,4,1,__NA__,1,99,56,1,3,7,5,1,2,5,3
908,5,0,10,0,0,0,0, ,1990,1,1,__NA__,2,5,4,1,__NA__,7,99,47,2,1,1,1,3,2,6,11
909,5,0,9,0,0,1,0, ,1976,1,1,__NA__,3,1,4,1,__NA__,6,99,29,1,2,7,5,1,1,4,1
910,4,0,5,5,0,0,0, ,1992,2,6,__NA__,1,5,4,8,__NA__,5,99,6,2,1,2,3,2,2,6,11
911,4,0,9,0,0,1,0, ,1990,2,1,__NA__,2,1,4,7,__NA__,2,99,13,2,4,8,6,2,2,6,11
912,5,-8,-8,-8,-8,-8,-8, ,1954,1,1,__NA__,6,4,4,6,__NA__,6,99,22,1,3,1,2,1,1,1,1
913,4,0,10,0,0,0,0, ,1955,1,1,__NA__,3,1,4,6,__NA__,5,99,29,1,2,7,4,2,1,1,1
914,4,2,1,2,3,2,0, ,1989,2,3,__NA__,4,1,2,3,__NA__,4,99,45,1,1,1,6,2,1,3,5
915,5,0,10,0,0,0,0, ,1960,2,1,__NA__,2,1,4,1,__NA__,7,99,37,1,2,7,2,1,2,6,1
916,5,0,10,0,0,0,0, ,1948,2,1,__NA__,5,3,4,2,__NA__,3,99,29,1,2,7,4,1,2,6,11
917,4,0,10,0,0,0,0, ,1995,1,1,__NA__,4,5,4,1,__NA__,3,99,19,1,3,4,6,3,2,5,11
918,4,10,0,0,0,0,0, ,1983,1,2,__NA__,5,1,4,1,__NA__,12,99,34,1,1,2,3,2,2,4,10
919,5,0,8,0,0,0,2,Italian desce,1994,1,1,__NA__,3,5,4,8,__NA__,97,99,36,1,2,7,5,2,2,2,2
920,5,3,3,1,1,2,0, ,1995,2,2,__NA__,2,5,4,4,__NA__,97,99,54,2,1,1,1,3,2,6,12
921,4,0,5,5,0,0,0, ,1982,2,3,__NA__,1,5,3,4,__NA__,3,99,47,1,3,4,6,2,1,4,2
922,5,0,6,4,0,0,0, ,1978,2,3,__NA__,2,1,4,1,__NA__,11,99,25,1,3,4,4,1,2,3,2
923,4,8,1,0,0,1,0, ,1990,2,2,__NA__,3,5,4,2,__NA__,8,99,34,1,3,4,2,3,2,6,11
924,5,2,2,2,2,2,0, ,1944,1,1,__NA__,3,1,4,2,__NA__,3,99,39,1,1,3,2,1,2,4,2
925,3,4,3,1,1,1,0, ,1969,2,2,__NA__,2,1,4,4,__NA__,1,99,51,3,3,8,4,2,2,4,1
926,3,0,0,0,10,0,0, ,1994,2,4,__NA__,3,5,4,8,__NA__,3,99,6,1,1,2,3,3,2,6,10
927,2,10,0,0,0,0,0, ,1980,2,2,__NA__,1,5,4,4,__NA__,3,99,32,1,1,1,1,1,2,6,11
928,3,0,10,0,0,0,0,0,1978,1,1,__NA__,5,1,4,1,__NA__,5,99,18,1,2,7,5,1,1,1,1
929,4,0,9,1,0,0,0, ,1993,1,1,__NA__,1,5,4,8,__NA__,7,99,36,1,2,6,4,1,2,2,2
930,5,0,0,10,0,0,0, ,1958,2,3,__NA__,2,4,3,1,__NA__,4,99,6,1,1,4,3,3,1,5,1
931,2,0,0,0,0,0,10, ,1973,2,2,__NA__,4,5,4,4,__NA__,97,99,27,1,4,3,3,2,2,5,11
932,5,0,10,0,0,0,0, ,1949,2,1,__NA__,2,4,4,5,__NA__,3,99,33,3,1,3,6,2,2,4,2
933,3,0,10,0,0,0,0, ,1987,2,1,__NA__,5,6,4,1,__NA__,3,99,24,1,5,3,2,3,2,6,11
934,4,5,5,0,0,0,0, ,1976,2,2,__NA__,4,5,4,1,__NA__,97,99,28,1,1,1,1,2,2,7,11
935,3,2,5,1,1,1,0, ,1994,1,1,__NA__,3,5,4,4,__NA__,97,99,55,2,1,1,2,7,2,5,9
936,5,0,10,0,0,0,0, ,1954,2,1,__NA__,2,1,4,6,__NA__,5,99,29,1,3,5,4,2,1,6,1
937,4,0,8,0,0,2,0, ,1995,2,1,__NA__,2,5,4,4,__NA__,3,99,51,1,1,2,2,1,2,5,10
938,5,0,10,0,0,0,0, ,1995,1,1,__NA__,2,5,4,8,__NA__,9,99,36,1,2,7,4,1,2,1,5
939,2,5,0,5,0,0,0, ,1997,2,2,__NA__,1,5,4,4,__NA__,97,99,39,2,4,4,2,3,2,5,11
940,5,0,10,0,0,0,0, ,1977,2,1,__NA__,4,1,4,1,__NA__,7,99,21,1,2,7,3,2,1,1,1
941,3,1,2,1,1,2,3, ,1996,2,1,__NA__,1,5,4,4,__NA__,1,99,8,1,3,8,4,3,1,5,11
942,5,0,10,0,0,0,0, ,1987,1,1,__NA__,3,5,4,1,__NA__,3,99,16,1,3,5,3,2,2,5,1
943,99,1,3,1,1,3,2,0, ,1952,2,2,__NA__,2,4,4,1,__NA__,5,99,47,2,4,4,3,2,2,3
944,3,1,4,1,3,1,0, ,1992,1,1,__NA__,6,5,4,1,__NA__,3,99,36,1,2,7,3,2,2,2,7
945,4,0,0,1,9,0,0, ,1978,2,4,__NA__,6,1,4,1,__NA__,8,99,25,1,1,2,3,2,2,5,2
946,5,0,10,0,0,0,0, ,1981,2,1,__NA__,3,1,4,2,__NA__,5,99,39,1,1,2,2,4,2,6,11
947,3,0,9,0,0,1,0, ,1984,1,1,__NA__,2,5,4,4,__NA__,1,99,53,1,1,1,3,2,2,1,2
948,5,1,3,2,1,1,2, ,1977,1,1,__NA__,2,1,4,6,__NA__,97,99,23,3,4,8,6,7,2,6,11
949,5,0,10,0,0,0,0, ,1976,1,1,__NA__,3,3,4,2,__NA__,3,99,22,1,3,5,1,4,1,4,1
950,5,2,4,1,1,1,1, ,1940,2,1,__NA__,2,4,4,5,__NA__,97,99,13,1,2,7,4,1,1,3,1
951,4,0,10,0,0,0,0,na,1983,2,1,__NA__,4,1,4,2,__NA__,6,99,17,1,1,2,1,1,2,6,10
952,2,1,3,2,1,3,0, ,1996,2,1,__NA__,4,5,4,8,__NA__,8,99,9,1,2,7,3,1,1,2,1
953,5,0,10,0,0,0,0, ,1957,1,1,__NA__,2,1,4,1,__NA__,9,99,5,1,2,7,4,2,1,5,1
954,5,0,8,0,0,1,1,Native American,1990,2,1,__NA__,1,5,4,7,__NA__,2,99,29,1,1,1,1,1,2,6,10
955,5,0,9,0,0,1,0, ,1986,1,1,__NA__,5,1,8,1,__NA__,5,99,40,1,1,1,1,2,2,4,1
956,2,0,0,0,10,0,0, ,1986,2,4,__NA__,6,5,4,2,__NA__,97,99,17,2,1,1,1,2,2,5,8
957,4,0,7,2,0,1,0, ,1991,2,1,__NA__,1,1,4,7,__NA__,3,99,8,1,3,5,6,3,2,6,11
958,4,0,9,0,0,1,0, ,1983,1,1,__NA__,3,5,8,3,__NA__,6,99,47,1,2,7,3,1,2,2,1
959,5,0,10,0,0,0,0, ,1991,2,1,__NA__,5,1,4,1,__NA__,4,99,49,2,1,2,2,4,2,5,10
960,4,0,8,0,0,2,0, ,1981,2,1,__NA__,3,5,8,8,__NA__,97,99,39,1,3,3,3,3,2,6,11
961,5,0,10,0,0,0,0, ,1983,1,1,__NA__,2,1,4,1,__NA__,4,99,40,1,3,4,3,2,2,5,11
962,4,0,1,4,0,5,0, ,1981,2,3,__NA__,2,2,1,7,__NA__,97,99,48,3,1,1,2,7,2,7,2
963,4,0,0,10,0,0,0, ,1971,1,3,__NA__,2,5,3,6,__NA__,3,99,12,1,3,3,3,1,2,7,12
964,2,5,1,0,0,0,4, ,1989,1,3,__NA__,2,1,2,2,__NA__,1,99,42,2,2,4,4,4,2,4,11
965,5,0,0,0,10,0,0, ,1996,1,4,__NA__,3,5,4,8,__NA__,13,99,41,1,3,5,3,1,2,3,1
966,5,0,10,0,0,0,0, ,1978,1,1,__NA__,2,1,4,2,__NA__,1,99,39,3,3,4,6,4,2,7,11
967,5,0,10,0,0,0,0, ,1994,2,1,__NA__,3,5,4,8,__NA__,97,99,34,1,1,1,1,2,2,5,10
968,2,4,0,2,2,2,0, ,1990,2,2,__NA__,6,5,4,1,__NA__,2,99,36,1,4,3,1,1,2,5,1
969,5,0,10,0,0,0,0,0=,1992,2,1,__NA__,3,2,4,7,__NA__,3,99,36,1,3,3,1,1,2,6,9
970,5,0,9,0,0,1,0, ,1986,2,1,__NA__,4,6,8,7,__NA__,8,99,32,1,3,3,2,2,2,6,9
971,4,0,10,0,0,0,0, ,1994,2,1,__NA__,3,5,4,8,__NA__,12,99,48,1,3,4,2,2,1,1,1
972,4,5,0,3,0,2,0, ,1986,1,2,__NA__,2,5,4,6,__NA__,2,99,25,2,4,4,1,3,2,6,11
973,5,10,0,0,0,0,0, ,1986,2,2,__NA__,5,5,4,4,__NA__,2,99,47,1,1,1,4,1,2,6,1
974,5,0,10,0,0,0,0, ,1988,1,1,__NA__,6,5,4,8,__NA__,12,99,6,1,1,2,2,1,2,6,9
975,4,0,10,0,0,0,0, ,1983,1,1,__NA__,4,5,8,6,__NA__,1,99,5,1,3, ,3,1,2,6,12
976,4,0,5,5,0,0,0, ,1993,1,6,__NA__,2,5,8,1,__NA__,3,99,41,1,1,3,1,1,2,6,10
977,1,2,4,2,1,1,0, ,1986,2,1,__NA__,5,1,4,1,__NA__,11,99,36,1,3,2,2,3,1,2,1
978,5,0,10,0,0,0,0, ,1937,2,1,__NA__,3,4,4,5,__NA__,1,99,33,1,2, ,4,1,1,2,1
979,4,0,7,0,0,3,0, ,1979,1,1,__NA__,3,3,8,4,__NA__,5,99,37,1,3,4,3,1,2,6,11
980,5,0,10,0,0,0,0, ,1988,1,1,__NA__,5,6,4,1,__NA__,9,99,51,1,1,1,1,1,2,6,9
981,5,0,10,0,0,0,0, ,1971,2,1,__NA__,3,1,4,1,__NA__,4,99,40,1,3,3,1,1,2,6,10
982,3,1,2,1,0,6,0, ,1992,1,2,__NA__,2,1,4,6,__NA__,1,99,12,2,1,1,6,4,2,1,11
983,5,-8,-8,-8,-8,-8,-8, ,1951,1,1,__NA__,4,1,4,1,__NA__,9,99,28,1,3,4,5,1,2,5,11
984,4,0,9,0,0,1,0, ,1977,1,1,__NA__,5,1,8,1,__NA__,5,99,37,1,2,7,5,1,1,1,1
985,3,1,5,1,1,1,1, ,1989,1,1,__NA__,2,5,4,6,__NA__,4,99,26,2,3,8,6,7,2,5,11
986,5,0,10,0,0,0,0, ,1974,1,1,__NA__,1,1,4,1,__NA__,4,99,23,1,3,5,3,1,2,2,1
987,5,0,7,0,0,3,0, ,1937,1,1,__NA__,5,1,8,5,__NA__,5,99,29,1,2,7,4,1,1,2,1
988,5,0,7,1,0,2,0, ,1987,1,1,__NA__,3,5,4,2,__NA__,3,99,41,1,1,1,1,1,2,6,9
989,4,0,9,0,0,1,0, ,1970,2,1,__NA__,5,1,8,7,__NA__,7,99,18,1,4,5,4,3,2,2,1
990,3,0,10,0,0,0,0,German,1967,2,1,__NA__,3,2,4,6,__NA__,4,99,47,3,3,8,3,2,2,5,12
991,4,0,10,0,0,0,0, ,1981,2,1,__NA__,3,1,4,1,__NA__,7,99,45,1,2,6,5,1,1,1,1
992,5,0,10,0,0,0,0, ,1993,1,1,__NA__,5,5,4,1,__NA__,5,99,51,1,1,1,2,1,2,4,1
993,4,0,10,0,0,0,0, ,1989,2,1,__NA__,3,1,4,7,__NA__,3,99,12,1,2,6,3,2,2,5,1
994,1,3,2,3,2,0,0, ,1995,2,1,__NA__,4,5,4,8,__NA__,11,99,19,1,1,2,1,1,1,3,11
995,4,1,2,6,1,0,0, ,1961,2,1,__NA__,2,2,4,2,__NA__,4,99,34,1,1,2,3,2,1,7,12
996,3,0,5,5,0,0,0,0,1973,1,3,__NA__,6,1,2,1,__NA__,11,99,51,1,2,6,3,3,2,4,2
997,1,2,2,1,1,4,0, ,1987,2,3,__NA__,2,1,2,1,__NA__,3,99,12,1,1,1,1,1,1,4,1
998,4,2,2,2,2,2,0, ,1953,2,1,__NA__,1,4,4,6,__NA__,1,99,55,2,4,4,6,4,2,4,1
999,5,1,3,6,0,0,0, ,1972,1,3,__NA__,5,5,2,6,__NA__,4,99,12,1,3,3,3,1,2,5,2
1000,2,10,0,0,0,0,0, ,1964,2,2,__NA__,2,1,4,1,__NA__,12,99,42,1,1,1,1,1,1,3,1
1001,4,0,10,0,0,0,0, ,1973,1,1,__NA__,1,1,4,2,__NA__,4,99,40,1,2,7,3,2,2,6,1
1002,5,2,4,2,1,1,0, ,1942,2,1,__NA__,3,3,4,2,__NA__,4,99,48,1,2,7,4,1,1,2,1
1003,5,0,10,0,0,0,0, ,1997,1,1,__NA__,2,5,4,2,__NA__,8,99,21,1,2,7,5,2,1,2,1
1004,2,1,6,1,1,1,0, ,1987,1,1,__NA__,4,6,4,1,__NA__,7,99,12,1,2,7,5,1,1,2,1
1005,4,1,3,4,1,1,0, ,1991,2,3,__NA__,2,1,1,7,__NA__,97,99,34,2,3,4,2,4,2,3,2
1006,4,0,10,0,0,0,0, ,1991,2,1,__NA__,3,1,4,7,__NA__,4,99,26,1,2,4,4,3,2,4,11
1007,3,0,10,0,0,0,0, ,1990,2,1,__NA__,2,5,4,6,__NA__,1,99,39,1,1,4,3,3,2,3,11
1008,4,0,9,0,0,1,0, ,1993,2,1,__NA__,4,1,4,1,__NA__,6,99,26,1,2,6,3,2,2,2,1
1009,5,0,10,0,0,0,0, ,1960,2,1,__NA__,4,2,4,6,__NA__,4,99,8,1,3,3,3,1,2,6,11
1010,5,0,10,0,0,0,0, ,1987,2,1,__NA__,5,5,8,1,__NA__,9,99,6,1,3,3,2,2,2,5,10
1011,5,2,4,4,0,0,0, ,1965,1,3,__NA__,3,3,1,1,__NA__,97,99,25,1,1,2,4,3,2,6,2
1012,4,5,0,0,0,2,3,Caribbean,1993,1,2,__NA__,3,5,4,4,__NA__,1,99,36,1,3,4,3,4,1,4,1
1013,5,0,9,0,0,1,0, ,1953,2,1,__NA__,4,3,4,5,__NA__,6,99,51,1,1,1,2,1,2,6,1
1014,5,0,5,0,0,0,5,Middle Eastern,1980,1,1,__NA__,6,1,8,1,__NA__,14,99,25,1,1,2,1,1,2,3,5
1015,5,0,10,0,0,0,0, ,1957,2,1,__NA__,3,1,4,6,__NA__,4,99,12,1,3,3,3,2,1,5,1
1016,3,1,4,1,4,0,0, ,1989,2,1,__NA__,4,5,4,8,__NA__,4,99,42,1,1,2,6,3,2,6,11
1017,5,0,10,0,0,0,0, ,1994,2,1,__NA__,3,1,4,7,__NA__,5,99,39,1,2,5,2,1,2,3,1
1018,4,0,10,0,0,0,0, ,1986,2,1,__NA__,1,1,4,7,__NA__,2,99,26,3,1,1,3,4,2,4,2
1019,3,2,5,1,1,1,0, ,1969,2,1,__NA__,2,3,8,1,__NA__,4,99,4,1,1,2,3,2,2,6,2
1020,5,0,10,0,0,0,0,0,1993,2,1,__NA__,5,1,4,1,__NA__,5,99,6,1,1,1,2,2,2,6,9
1021,5,0,10,0,0,0,0, ,1982,2,1,__NA__,5,1,4,7,__NA__,8,99,48,3,3,4,3,2,1,5,11
1022,3,10,0,0,0,0,0, ,1994,1,2,__NA__,2,1,4,7,__NA__,4,99,48,1,1,2,3,3,2,5,3
1023,5,0,10,0,0,0,0, ,1962,2,1,__NA__,2,1,4,2,__NA__,7,99,34,1,3,4,3,4,2,5,2
1024,5,0,10,0,0,0,0, ,1985,2,1,__NA__,3,1,4,7,__NA__,5,99,27,1,3,2,3,3,1,5,2
1025,5,3,1,4,1,1,0, ,1994,2,3,__NA__,2,5,2,4,__NA__,97,99,42,2,2,7,5,2,1,4,11
1026,5,0,8,0,0,2,0, ,1973,2,1,__NA__,3,1,4,7,__NA__,9,99,13,1,2,2,4,3,1,5,1
1027,5,0,0,10,0,0,0, ,1986,2,3,__NA__,2,1,2,1,__NA__,3,99,48,2,1,2,3,3,2,4,2
1028,2,2,2,2,2,2,0, ,1985,1,3,__NA__,4,2,1,1,__NA__,9,99,51,1,2,7,5,1,2,5,2
1029,5,0,10,0,0,0,0, ,1979,2,1,__NA__,1,1,4,7,__NA__,3,99,42,2,2,4,6,3,2,4,2
1030,5,0,10,0,0,0,0, ,1996,1,1,__NA__,3,5,4,8,__NA__,97,99,53,1,1,1,1,1,2,6,10
1031,5,0,10,0,0,0,0, ,1991,2,1,__NA__,5,5,4,1,__NA__,7,99,42,1,1,1,2,3,2,6,10
1032,5,0,10,0,0,0,0, ,1993,2,1,__NA__,2,6,4,4,__NA__,97,99,6,2,3,4,3,4,2,5,2
1033,5,0,10,0,0,0,0, ,1982,2,1,__NA__,5,1,4,7,__NA__,4,99,42,1,1,2,3,3,2,6,2
1034,3,1,2,1,2,2,2, ,1973,2,3,__NA__,2,5,3,7,__NA__,97,99,48,1,3,8,4,2,2,5,2
1035,4,0,9,0,0,1,0, ,1976,1,1,__NA__,5,1,4,1,__NA__,11,99,5,1,2,7,4,1,1,4,1
1036,5,0,8,0,0,2,0, ,1969,1,1,__NA__,2,1,4,1,__NA__,7,99,19,1,2,7,5,1,1,6,1
1037,4,2,0,5,0,3,0, ,1978,2,3,__NA__,4,1,3,1,__NA__,3,99,5,2,1,2,6,2,1,1,1
1038,4,0,10,0,0,0,0, ,1994,2,1,__NA__,4,1,4,8,__NA__,3,99,21,1,3,4,3,1,1,5,1
1039,5,0,10,0,0,0,0, ,1980,2,1,__NA__,3,1,4,6,__NA__,2,99,48,1,2,6,6,4,1,6,11
1040,3,6,1,1,1,1,0, ,1975,1,2,__NA__,2,5,4,4,__NA__,1,99,42,1,1,2,2,3,2,6,11
1041,5,0,10,0,0,0,0, ,1977,1,1,__NA__,3,5,4,1,__NA__,9,99,17,1,3,4,1,2,2,5,9
1042,5,0,10,0,0,0,0, ,1993,1,1,__NA__,3,5,4,8,__NA__,13,99,53,1,1,1,2,1,2,6,11
1043,2,0,10,0,0,0,0, ,1988,1,1,__NA__,4,1,4,1,__NA__,10,99,12,1,1,1,4,2,2,2,2
1044,5,0,10,0,0,0,0, ,1954,1,1,__NA__,2,6,4,4,__NA__,1,99,39,1,1,1,3,2,2,6,1
1045,4,0,10,0,0,0,0, ,1990,1,1,__NA__,4,5,4,1,__NA__,6,99,51,1,3,4,3,1,1,5,1
1046,4,2,3,1,3,1,0, ,1974,1,1,__NA__,2,1,4,6,__NA__,1,99,21,1,1,1,3,2,2,5,11
1047,5,0,0,0,8,0,2,Asian,1987,2,4,__NA__,5,1,4,4,__NA__,6,99,47,2,5,5,5,2,2,6,10
1048,4,0,7,0,3,0,0, ,1990,2,1,__NA__,5,5,4,2,__NA__,3,99,6,1,1,6,3,2,2,5,11
1049,2,6,0,0,0,4,0, ,1975,1,2,__NA__,3,5,4,2,__NA__,8,99,6,1,3,4,2,1,2,4,10
1050,5,0,1,4,3,2,0, ,1979,2,1,__NA__,2,1,4,1,__NA__,97,99,42,1,1,2,3,3,2,5,1
1051,5,0,10,0,0,0,0, ,1985,1,1,__NA__,6,1,4,1,__NA__,14,99,19,1,1,1,1,1,2,6,9
1052,4,0,0,0,10,0,0, ,1971,2,4,__NA__,5,2,4,4,__NA__,97,99,27,1,1,1,1,3,2,6,11
1053,5,0,8,0,0,2,0, ,1987,2,1,__NA__,5,5,4,9,__NA__,10,99,42,1,2,2,2,2,2,4,1
1054,1,0,5,0,0,0,5,Jewish/Isrealite,1989,1,1,__NA__,3,5,4,2,__NA__,4,99,27,1,3,4,1,4,2,6,9
1055,4,2,1,3,2,2,0, ,1952,2,1,__NA__,2,1,4,2,__NA__,5,99,42,1,2,7,4,3,1,4,1
1056,5,0,10,0,0,0,0, ,1991,2,1,__NA__,5,1,4,2,__NA__,7,99,22,1,2,6,4,4,2,2,1
1057,5,0,8,0,0,2,0, ,1954,2,5,__NA__,2,1,4,1,__NA__,8,99,18,1,1,2,3,1,1,2,1
1058,4,0,1,4,3,2,0, ,1982,2,1,__NA__,1,1,4,7,__NA__,97,99,42,3,3,8,4,7,1,2,1
1059,5,0,10,0,0,0,0, ,1984,2,1,__NA__,6,1,8,2,__NA__,2,99,25,2,4,5,4,1,2,6,7
1060,5,0,8,0,0,2,0, ,1992,1,1,__NA__,2,5,8,1,__NA__,2,99,49,2,3,4,2,3,2,4,10
1061,5,0,10,0,0,0,0, ,1987,2,1,__NA__,3,1,8,7,__NA__,4,99,22,1,1,4,2,2,2,5,10
1062,5,0,10,0,0,0,0, ,1979,2,1,__NA__,2,1,4,7,__NA__,6,99,28,1,2,6,4,2,1,2,1
1063,5,0,9,0,0,1,0, ,1992,2,1,__NA__,3,5,4,7,__NA__,3,99,26,2,3,3,6,4,2,5,11
1064,5,0,8,0,0,2,0, ,1968,2,1,__NA__,5,1,4,1,__NA__,12,99,47,1,2,7,4,1,1,2,1
1065,4,1,1,3,2,3,0, ,1990,2,3,__NA__,2,1,2,7,__NA__,8,99,31,1,1,2,2,3,2,5,11
1066,3,0,0,10,0,0,0, ,1994,2,3,__NA__,2,5,3,6,__NA__,1,99,42,1,1,1,1,2,2,4,12
1067,4,0,9,0,0,1,0, ,1988,2,1,__NA__,3,1,4,7,__NA__,5,99,13,2,1,3,2,4,2,6,10
1068,3,10,0,0,0,0,0, ,1985,1,2,__NA__,4,5,8,2,__NA__,3,99,22,1,1,1,3,3,2,2,1
1069,5,0,10,0,0,0,0, ,1987,2,1,__NA__,3,1,8,7,__NA__,4,99,13,1,3, ,2,2,2,5,10
1070,5,0,10,0,0,0,0, ,1986,2,1,__NA__,6,1,4,1,__NA__,6,99,36,1,2,1,1,1,1,1,1
1071,3,7,0,3,0,0,0, ,1977,1,1,__NA__,5,1,4,1,__NA__,7,99,48,1,2,7,6,3,1,3,1
1072,3,0,10,0,0,0,0, ,1992,2,1,__NA__,2,5,4,7,__NA__,2,99,44,2,3,4,6,7,2,6,9
1073,5,2,6,0,0,2,0, ,1964,2,6,__NA__,2,1,4,9,__NA__,7,99,21,1,2,7,4,2,1,4,1
1074,4,0,5,2,0,3,0, ,1986,2,1,__NA__,2,1,8,7,__NA__,6,99,6,1,2,6,4,2,2,6,11
1075,4,0,9,0,0,1,0, ,1949,1,7,__NA__,6,1,4,5,__NA__,8,99,24,1,2,7,4,1,1,2,1
1076,4,0,10,0,0,0,0, ,1962,2,1,__NA__,1,4,4,5,__NA__,2,99,41,1,3,4,6,2,1,6,1
1077,3,1,1,1,1,1,5, ,1989,2,1,__NA__,5,1,4,1,__NA__,4,99,42,1,2,6,3,3,1,2,1
1078,5,0,9,0,0,1,0, ,1988,2,1,__NA__,3,3,4,2,__NA__,2,99,48,1,1,1,2,3,2,6,9
1079,4,-8,-8,-8,-8,-8,-8, ,1992,2,1,__NA__,2,5,8,4,__NA__,97,99,51,1,3,5,6,4,1,3,1
1080,4,0,10,0,0,0,0, ,1995,2,1,__NA__,2,5,4,4,__NA__,97,99,41,2,3,8,3,2,2,4,11
1081,2,1,3,2,1,2,1, ,1991,1,6,__NA__,3,5,4,4,__NA__,97,99,12,3,1,8,3,2,2,4,11
1082,2,4,4,0,0,2,0, ,1954,2,6,__NA__,3,3,8,6,__NA__,11,99,6,1,3,3,3,1,2,5,2
1083,4,0,9,0,0,1,0, ,1991,2,1,__NA__,2,5,8,1,__NA__,4,99,42,1,2,7,3,2,1,4,1
1084,4,0,10,0,0,0,0, ,1986,1,1,__NA__,5,5,8,8,__NA__,97,99,32,1,3, ,3,2,2,6,10
1085,4,0,5,2,3,0,0, ,1989,1,1,__NA__,4,1,4,1,__NA__,6,99,36,2,3,5,2,3,2,5,4
1086,5,0,10,0,0,0,0, ,1985,1,1,__NA__,5,1,4,1,__NA__,3,99,29,2,3,5,3,3,1,1,1
1087,5,0,10,0,0,0,0, ,1993,1,1,__NA__,3,5,4,8,__NA__,10,99,55,2,4,3,1,1,2,6,9
1088,5,0,10,0,0,0,0, ,1997,1,1,__NA__,1,5,8,8,__NA__,10,99,24,1,1, ,2,3,2,5,7
1089,4,0,4,0,6,0,0, ,1991,2,4,__NA__,5,5,8,1,__NA__,4,99,36,1,1,2,2,2,2,6,10
1090,4,0,0,0,0,5,5, ,1979,1,4,__NA__,6,1,8,1,__NA__,2,99,12,2,1,3,2,2,2,7,6
1091,1,0,0,10,0,0,0, ,1982,2,3,__NA__,5,1,2,1,__NA__,3,99,9,1,1,1,2,2,2,4,11
1092,4,3,0,4,0,0,3,european,1986,2,3,__NA__,5,5,2,1,__NA__,8,99,48,2,3,2,2,1,1,2,12
1093,5,2,2,2,2,2,0, ,1986,1,3,__NA__,3,6,1,4,__NA__,1,99,37,2,2,7,2,2,2,5,2
1094,5,0,10,0,0,0,0, ,1996,2,1,__NA__,4,5,4,2,__NA__,9,99,49,1,3,3,2,3,2,3,11
1095,2,0,0,10,0,0,0, ,1965,1,3,__NA__,2,1,3,2,__NA__,8,99,25,1,1, ,2,1,2,2,4
1096,4,3,3,2,1,1,0, ,1958,2,1,__NA__,1,6,4,7,__NA__,2,99,21,1,2,1,2,1,2,5,1
1097,5,0,10,0,0,0,0, ,1982,1,1,__NA__,3,1,4,1,__NA__,9,99,42,1,3,3,2,1,2,6,9
1098,4,1,3,2,2,2,0, ,1992,2,1,__NA__,2,5,8,8,__NA__,2,99,55,1,3,5,5,2,1,2,1
1099,3,0,10,0,0,0,0, ,1956,2,1,__NA__,1,3,4,6,__NA__,4,99,48,2,1,2,3,3,1,5,2
1100,2,2,3,2,3,0,0, ,1989,1,1,__NA__,4,1,4,1,__NA__,8,99,29,1,1,1,1,1,2,1,2
1101,2,2,2,3,1,2,0, ,1996,2,6,__NA__,2,5,8,2,__NA__,4,99,5,2,1,3,2,3,2,5,6
1102,4,0,5,5,0,0,0, ,1974,1,3,__NA__,2,1,2,4,__NA__,7,99,36,2,2,6,4,2,1,6,1
1103,4,2,4,4,0,0,0, ,1983,1,3,__NA__,2,1,2,1,__NA__,6,99,36,2,1,1,3,2,1,4,1
1104,2,1,8,0,0,1,0, ,1988,1,1,__NA__,2,5,8,1,__NA__,3,99,5,1,2,5,3,3,1,4,1
1105,4,0,5,0,0,0,5,Spaniard,1987,2,7,__NA__,6,5,4,1,__NA__,7,99,25,1,3,5,3,1,2,3,2
1106,4,0,1,9,0,0,0, ,1996,1,3,__NA__,2,5,3,8,__NA__,97,99,6,1,1,8,2,7,2,2,2
1107,5,0,10,0,0,0,0, ,1981,2,1,__NA__,3,1,8,2,__NA__,3,99,53,1,3, ,4,3,2,5,11
1108,5,0,5,0,0,5,0, ,1965,2,1,__NA__,3,1,8,6,__NA__,4,99,39,1,2,6,4,2,2,6,12
1109,4,10,0,0,0,0,0, ,1971,1,2,__NA__,2,1,4,4,__NA__,2,99,18,1,1,1,2,3,2,2,12
1110,4,2,4,2,1,1,0, ,1960,1,3,__NA__,5,5,2,6,__NA__,2,99,48,2,1,1,2,1,1,4,2
1111,5,0,10,0,0,0,0, ,1963,1,1,__NA__,2,2,4,4,__NA__,1,99,4,3,4,3,3,3,1,5,11
1112,5,5,0,0,5,0,0, ,1989,1,6,__NA__,5,5,8,1,__NA__,9,99,12,1,3,7,3,1,2,3,2
1113,5,1,8,0,0,1,0, ,1985,1,1,__NA__,3,6,4,6,__NA__,3,99,39,1,1,1,2,1,2,6,9
1114,4,2,2,2,2,2,0, ,1991,1,1,__NA__,2,5,4,4,__NA__,3,99,42,1,1,1,2,1,1,2,1
1115,4,0,9,0,0,0,1,African,1970,1,1,__NA__,3,1,4,1,__NA__,3,99,1,1,1,1,1,1,2,6,11
1116,4,0,10,0,0,0,0,0,1952,1,1,__NA__,2,6,4,5,__NA__,2,99,37,3,3,5,2,3,2,5,11
1117,5,0,6,0,0,4,0, ,1987,2,1,__NA__,4,1,4,7,__NA__,6,99,48,1,2,7,5,1,1,5,2
1118,5,0,9,0,0,1,0, ,1962,2,1,__NA__,3,3,8,1,__NA__,3,99,48,1,3,5,4,2,1,2,1
1119,3,5,0,0,0,0,5,Italian,1980,2,2,__NA__,1,5,4,6,__NA__,97,99,12,2,3,4,6,7,2,6,11
1120,4,0,10,0,0,0,0, ,1965,2,1,__NA__,4,1,8,1,__NA__,11,99,42,1,4, ,3,3,2,5,12
1121,5,0,10,0,0,0,0, ,1978,1,1,__NA__,2,1,8,1,__NA__,8,99,55,1,1, ,6,7,2,5,2
1122,5,1,9,0,0,0,0, ,1951,2,1,__NA__,1,1,4,5,__NA__,4,99,12,2,3,4,2,4,2,6,1
1123,5,0,10,0,0,0,0, ,1993,1,1,__NA__,2,5,4,4,__NA__,2,99,28,1,3,4,5,1,1,5,1
1124,4,0,9,0,0,1,0, ,1976,2,1,__NA__,6,1,4,1,__NA__,11,99,4,1,1,1,2,1,2,6,9
1125,5,0,10,0,0,0,0,zzzzzzzzzz,1924,2,1,__NA__,2,4,4,5,__NA__,2,99,37,3,3,3,2,3,2,7,1
1126,4,0,10,0,0,0,0, ,1953,2,1,__NA__,3,5,4,1,__NA__,4,99,18,1,1,1,1,1,2,4,12
1127,5,3,2,0,5,0,0, ,1994,1,6,__NA__,3,5,4,8,__NA__,15,99,34,1,1,1,1,1,2,5,12
1128,5,0,7,0,0,3,0, ,1969,1,1,__NA__,2,1,4,6,__NA__,4,99,39,1,2,7,4,2,2,6,11
1129,5,0,10,0,0,0,0, ,1978,1,1,__NA__,3,1,4,1,__NA__,11,99,48,1,3,3,1,2,2,6,9
1130,3,10,0,0,0,0,0, ,1990,2,2,__NA__,2,5,4,4,__NA__,1,99,18,1,1,2,2,4,2,6,1
1131,2,1,2,3,2,1,1, ,1994,1,1,__NA__,2,1,8,2,__NA__,6,99,6,1,2,1,1,1,1,1,6
1132,5,0,10,0,0,0,0, ,1992,2,1,__NA__,3,1,4,1,__NA__,6,99,46,3,1,8,3,4,2,5,11
1133,4,2,3,2,2,1,0, ,1948,2,1,__NA__,2,1,4,5,__NA__,8,99,10,1,2,7,4,1,2,5,2
1134,5,0,10,0,0,0,0, ,1991,1,1,__NA__,5,5,4,1,__NA__,7,99,36,1,3,3,2,2,2,4,1
1135,3,1,3,1,2,2,1, ,1992,2,4,__NA__,5,5,4,2,__NA__,2,99,28,2,3,5,3,1,2,2,7
1136,4,1,1,4,2,2,0, ,1996,2,3,__NA__,3,5,2,2,__NA__,1,99,12,3,3,4,5,3,1,3,3
1137,3,0,10,0,0,0,0, ,1982,1,1,__NA__,2,1,4,7,__NA__,11,99,17,1,4,3,3,1,2,4,2
1138,4,0,10,0,0,0,0, ,1983,2,1,__NA__,3,6,8,1,__NA__,9,99,6,1,3,5,4,1,2,6,11
1139,4,0,10,0,0,0,0, ,1976,2,1,__NA__,5,1,4,1,__NA__,8,99,51,2,3,4,3,2,1,4,1
1140,5,0,10,0,0,0,0, ,1984,1,1,__NA__,5,1,4,1,__NA__,11,99,6,1,2,7,5,1,2,6,1
1141,4,0,10,0,0,0,0, ,1960,2,1,__NA__,6,1,4,7,__NA__,8,99,29,1,2,7,4,3,2,4,1
1142,5,0,10,0,0,0,0, ,1953,1,1,__NA__,6,6,4,5,__NA__,6,99,6,1,1,1,2,1,2,6,11
1143,5,0,10,0,0,0,0, ,1955,2,1,__NA__,2,3,4,1,__NA__,5,99,29,1,1,2,6,2,1,5,1
1144,5,0,10,0,0,0,0, ,1977,2,1,__NA__,3,1,4,1,__NA__,6,99,36,3,4,5,3,3,1,4,1
1145,3,1,6,1,1,1,0, ,1982,1,1,__NA__,6,1,8,1,__NA__,8,99,4,1,1,2,2,2,2,4,2
1146,5,0,10,0,0,0,0, ,1981,2,1,__NA__,3,2,8,2,__NA__,2,99,25,1,4,4,3,2,2,3,9
1147,5,0,10,0,0,0,0, ,1981,1,1,__NA__,3,1,4,1,__NA__,9,99,13,1,2,6,3,2,2,2,1
1148,2,6,2,0,0,2,0, ,1978,1,2,__NA__,2,5,4,7,__NA__,1,99,24,1,1,1,6,2,2,6,11
1149,1,2,1,3,2,2,0, ,1963,2,7,__NA__,1,2,4,6,__NA__,2,99,48,1,2,5,1,2,2,3,2
1150,3,10,0,0,0,0,0, ,1935,1,2,__NA__,3,5,8,5,__NA__,2,99,6,1,1, ,1,1,2,6,9
1151,4,0,9,0,0,1,0, ,1989,2,1,__NA__,3,3,4,1,__NA__,2,99,47,1,3,3,2,2,2,2,5
1152,3,5,1,1,2,1,0, ,1965,2,3,__NA__,3,1,3,7,__NA__,97,99,42,1,1,2,3,4,1,5,1
1153,5,0,10,0,0,0,0, ,1992,1,1,__NA__,5,5,4,8,__NA__,3,99,48,1,3,3,2,1,2,6,9
1154,5,0,10,0,0,0,0,0,1961,2,1,__NA__,5,6,4,5,__NA__,7,99,48,1,2,6,4,1,2,4,1
1155,5,0,10,0,0,0,0, ,1986,2,1,__NA__,6,1,4,1,__NA__,7,99,41,1,1,2,2,2,2,6,10
1156,1,1,2,3,2,2,0, ,1990,2,1,__NA__,2,1,8,1,__NA__,10,99,17,1,2, ,1,3,1,1,6
1157,2,0,0,10,0,0,0, ,1973,1,3,__NA__,3,5,4,6,__NA__,7,99,18,1,3,8,3,2,2,6,2
1158,5,0,10,0,0,0,0, ,1990,2,1,__NA__,5,5,4,1,__NA__,3,99,49,3,1,3,2,2,2,3,12
1159,4,0,10,0,0,0,0, ,1982,2,1,__NA__,5,6,4,1,__NA__,10,99,51,1,2,5,3,1,1,4,1
1160,5,0,10,0,0,0,0, ,1989,1,1,__NA__,2,1,4,7,__NA__,8,99,51,1,3,8,6,4,2,5,1
1161,5,0,5,0,0,5,0, ,1975,2,1,__NA__,1,2,4,7,__NA__,3,99,13,1,2,7,3,1,2,4,1
1162,1,0,3,7,0,0,0, ,1962,2,3,__NA__,6,1,3,1,__NA__,9,99,12,1,2,6,3,2,2,3,2
1163,5,0,5,5,0,0,0, ,1955,1,3,__NA__,6,1,1,2,__NA__,2,99,6,1,2,7,4,3,1,5,2
1164,4,0,10,0,0,0,0, ,1989,2,1,__NA__,3,5,4,1,__NA__,5,99,42,1,1,1,1,2,2,6,10
1165,5,0,10,0,0,0,0, ,1997,2,1,__NA__,1,5,4,8,__NA__,6,99,9,1,1,2,2,2,2,6,11
1166,4,0,10,0,0,0,0, ,1989,2,1,__NA__,2,5,8,3,__NA__,2,99,25,2,3,8,6,3,2,6,10
1167,5,1,2,2,1,2,2, ,1985,2,1,__NA__,2,1,8,7,__NA__,97,99,34,1,5,3,4,2,2,4,5
1168,5,0,10,0,0,0,0, ,1963,1,1,__NA__,4,3,4,9,__NA__,4,99,18,1,3,4,3,1,2,4,11
1169,5,10,0,0,0,0,0, ,1961,2,2,__NA__,1,5,8,2,__NA__,98,99,22,1,2, ,2,1,2,7,11
1170,5,0,10,0,0,0,0, ,1976,2,1,__NA__,4,1,4,1,__NA__,7,99,19,1,1,2,2,4,1,3,1
1171,5,0,10,0,0,0,0, ,1997,1,1,__NA__,1,5,4,2,__NA__,8,99,5,1,3,3,3,2,2,2,1
1172,5,0,10,0,0,0,0, ,1966,1,1,__NA__,5,1,8,1,__NA__,10,99,6,1,1, ,3,1,2,4,1
1173,5,0,10,0,0,0,0, ,1985,2,1,__NA__,6,1,4,1,__NA__,11,99,18,1,2,6,4,2,1,4,11
1174,4,0,10,0,0,0,0, ,1973,2,1,__NA__,3,3,4,1,__NA__,3,99,55,1,3,7,3,2,1,3,1
1175,3,0,0,0,0,0,10,Native of the Americas,1967,2,7,__NA__,4,1,4,2,__NA__,8,99,53,1,1,1,1,2,2,6,12
1176,4,1,6,2,1,0,0, ,1975,2,2,__NA__,5,3,4,1,__NA__,4,99,12,1,1,1,3,2,1,1,1
1177,5,1,2,1,2,2,2, ,1955,2,1,__NA__,4,4,4,5,__NA__,3,99,53,1,2,7,4,2,2,5,1
1178,4,1,1,6,1,1,0, ,1970,2,3,__NA__,2,1,2,7,__NA__,97,99,36,2,1,1,2,3,1,1,2
1179,5,3,4,1,1,1,0, ,1955,1,1,__NA__,2,3,4,2,__NA__,3,99,18,2,3,3,3,2,1,5,1
1180,5,0,0,10,0,0,0, ,1957,2,3,__NA__,1,1,3,1,__NA__,5,99,6,3,2,7,2,1,1,1,12
1181,5,0,10,0,0,0,0, ,1951,2,1,__NA__,1,4,8,6,__NA__,2,99,54,2,3,7,3,2,2,5,11
1182,5,0,5,0,0,5,0, ,1980,2,1,__NA__,1,5,4,4,__NA__,3,99,48,2,1,2,2,3,2,6,11
1183,5,0,10,0,0,0,0, ,1995,2,1,__NA__,3,5,4,8,__NA__,9,99,17,1,1,2,3,4,2,2,2
1184,3,0,10,0,0,0,0, ,1954,1,1,__NA__,2,1,4,2,__NA__,7,99,6,1,2,7,4,1,2,4,1
1185,5,0,9,0,0,1,0, ,1990,1,1,__NA__,5,5,4,1,__NA__,6,99,39,1,3,3,2,1,2,6,9
1186,5,0,8,0,0,2,0, ,1973,1,1,__NA__,2,5,4,2,__NA__,3,99,51,1,3,8,6,2,2,4,11
1187,4,2,0,8,0,0,0, ,1979,1,3,__NA__,2,5,2,4,__NA__,97,99,9,1,3,4,3,1,2,2,11
1188,4,2,2,2,2,2,0, ,1957,2,1,__NA__,2,3,4,6,__NA__,1,99,29,1,4,4,3,2,2,2,2
1189,3,2,2,2,2,2,0, ,1970,1,1,__NA__,1,3,4,9,__NA__,3,99,24,1,3,3,3,1,2,5,1
1190,3,0,10,0,0,0,0, ,1981,1,1,__NA__,2,3,4,4,__NA__,2,99,39,1,3,3,1,4,2,6,11
1191,4,0,10,0,0,0,0, ,1952,1,1,__NA__,6,5,4,5,__NA__,5,99,41,1,1,1,1,2,2,5,12
1192,5,0,1,8,0,1,0, ,1992,2,3,__NA__,5,1,3,2,__NA__,4,99,4,1,3,4,3,2,2,6,2
1193,4,0,10,0,0,0,0, ,1953,2,1,__NA__,3,6,4,5,__NA__,7,99,41,1,1,2,3,2,2,5,12
1194,1,3,5,1,1,0,0, ,1988,1,1,__NA__,5,1,4,1,__NA__,9,99,12,1,1,1,4,3,2,2,2
1195,5,0,10,0,0,0,0, ,1985,1,1,__NA__,2,6,4,4,__NA__,1,99,6,2,3,5,4,3,1,3,1
1196,3,10,0,0,0,0,0, ,1977,2,2,__NA__,6,1,4,1,__NA__,7,99,36,1,1,1,4,2,2,1,1
1197,5,0,10,0,0,0,0, ,1958,2,1,__NA__,2,3,4,4,__NA__,97,99,22,1,2,6,6,3,1,2,1
1198,5,0,10,0,0,0,0, ,1994,1,1,__NA__,3,5,4,8,__NA__,9,99,36,1,1,1,1,1,2,6,9
1199,5,0,10,0,0,0,0, ,1977,1,1,__NA__,2,1,4,1,__NA__,6,99,17,2,3,4,3,2,2,4,1
1200,3,2,2,2,2,2,0, ,1978,2,3,__NA__,1,1,2,1,__NA__,2,99,4,1,1,2,3,2,2,2,2
